"institution_name","publication_year","oa_status","count","percent"
"Adelaide University",2021,"bronze",465,0.0877
"Adelaide University",2021,"closed",2520,0.4755
"Adelaide University",2021,"diamond",201,0.0379
"Adelaide University",2021,"gold",1199,0.2262
"Adelaide University",2021,"green",527,0.0994
"Adelaide University",2021,"hybrid",388,0.0732
"Adelaide University",2022,"bronze",249,0.0501
"Adelaide University",2022,"closed",2012,0.405
"Adelaide University",2022,"diamond",204,0.0411
"Adelaide University",2022,"gold",1246,0.2508
"Adelaide University",2022,"green",412,0.0829
"Adelaide University",2022,"hybrid",845,0.1701
"Adelaide University",2023,"bronze",420,0.0836
"Adelaide University",2023,"closed",1607,0.32
"Adelaide University",2023,"diamond",305,0.0607
"Adelaide University",2023,"gold",1103,0.2196
"Adelaide University",2023,"green",231,0.046
"Adelaide University",2023,"hybrid",1356,0.27
"Adelaide University",2024,"bronze",461,0.0894
"Adelaide University",2024,"closed",1513,0.2936
"Adelaide University",2024,"diamond",287,0.0557
"Adelaide University",2024,"gold",1080,0.2095
"Adelaide University",2024,"green",219,0.0425
"Adelaide University",2024,"hybrid",1594,0.3093
"Adelaide University",2025,"bronze",308,0.0582
"Adelaide University",2025,"closed",1586,0.2996
"Adelaide University",2025,"diamond",323,0.061
"Adelaide University",2025,"gold",1169,0.2208
"Adelaide University",2025,"green",225,0.0425
"Adelaide University",2025,"hybrid",1683,0.3179
"Adelaide University",2026,"bronze",68,0.0202
"Adelaide University",2026,"closed",967,0.2867
"Adelaide University",2026,"diamond",183,0.0543
"Adelaide University",2026,"gold",684,0.2028
"Adelaide University",2026,"green",301,0.0892
"Adelaide University",2026,"hybrid",1170,0.3469
"Auckland University of Technology",2021,"bronze",127,0.0679
"Auckland University of Technology",2021,"closed",911,0.4869
"Auckland University of Technology",2021,"diamond",172,0.0919
"Auckland University of Technology",2021,"gold",325,0.1737
"Auckland University of Technology",2021,"green",247,0.132
"Auckland University of Technology",2021,"hybrid",89,0.0476
"Auckland University of Technology",2022,"bronze",62,0.0351
"Auckland University of Technology",2022,"closed",663,0.3752
"Auckland University of Technology",2022,"diamond",213,0.1205
"Auckland University of Technology",2022,"gold",340,0.1924
"Auckland University of Technology",2022,"green",193,0.1092
"Auckland University of Technology",2022,"hybrid",296,0.1675
"Auckland University of Technology",2023,"bronze",148,0.0876
"Auckland University of Technology",2023,"closed",480,0.284
"Auckland University of Technology",2023,"diamond",166,0.0982
"Auckland University of Technology",2023,"gold",296,0.1751
"Auckland University of Technology",2023,"green",181,0.1071
"Auckland University of Technology",2023,"hybrid",419,0.2479
"Auckland University of Technology",2024,"bronze",119,0.0692
"Auckland University of Technology",2024,"closed",495,0.288
"Auckland University of Technology",2024,"diamond",176,0.1024
"Auckland University of Technology",2024,"gold",378,0.2199
"Auckland University of Technology",2024,"green",167,0.0971
"Auckland University of Technology",2024,"hybrid",384,0.2234
"Auckland University of Technology",2025,"bronze",85,0.0428
"Auckland University of Technology",2025,"closed",676,0.34
"Auckland University of Technology",2025,"diamond",168,0.0845
"Auckland University of Technology",2025,"gold",423,0.2128
"Auckland University of Technology",2025,"green",154,0.0775
"Auckland University of Technology",2025,"hybrid",482,0.2425
"Auckland University of Technology",2026,"bronze",29,0.026
"Auckland University of Technology",2026,"closed",286,0.2565
"Auckland University of Technology",2026,"diamond",107,0.096
"Auckland University of Technology",2026,"gold",236,0.2117
"Auckland University of Technology",2026,"green",63,0.0565
"Auckland University of Technology",2026,"hybrid",394,0.3534
"Australian National University",2021,"bronze",742,0.1203
"Australian National University",2021,"closed",2539,0.4116
"Australian National University",2021,"diamond",283,0.0459
"Australian National University",2021,"gold",995,0.1613
"Australian National University",2021,"green",1133,0.1837
"Australian National University",2021,"hybrid",477,0.0773
"Australian National University",2022,"bronze",392,0.0713
"Australian National University",2022,"closed",2175,0.3956
"Australian National University",2022,"diamond",352,0.064
"Australian National University",2022,"gold",1056,0.1921
"Australian National University",2022,"green",715,0.13
"Australian National University",2022,"hybrid",808,0.147
"Australian National University",2023,"bronze",402,0.0724
"Australian National University",2023,"closed",1839,0.3314
"Australian National University",2023,"diamond",395,0.0712
"Australian National University",2023,"gold",1028,0.1853
"Australian National University",2023,"green",509,0.0917
"Australian National University",2023,"hybrid",1376,0.248
"Australian National University",2024,"bronze",393,0.0713
"Australian National University",2024,"closed",1799,0.3262
"Australian National University",2024,"diamond",410,0.0743
"Australian National University",2024,"gold",1132,0.2053
"Australian National University",2024,"green",367,0.0665
"Australian National University",2024,"hybrid",1414,0.2564
"Australian National University",2025,"bronze",325,0.0597
"Australian National University",2025,"closed",1721,0.3164
"Australian National University",2025,"diamond",370,0.068
"Australian National University",2025,"gold",1144,0.2103
"Australian National University",2025,"green",318,0.0585
"Australian National University",2025,"hybrid",1562,0.2871
"Australian National University",2026,"bronze",58,0.0239
"Australian National University",2026,"closed",607,0.2505
"Australian National University",2026,"diamond",162,0.0669
"Australian National University",2026,"gold",570,0.2352
"Australian National University",2026,"green",206,0.085
"Australian National University",2026,"hybrid",820,0.3384
"Lincoln University",2021,"bronze",21,0.0391
"Lincoln University",2021,"closed",266,0.4953
"Lincoln University",2021,"diamond",27,0.0503
"Lincoln University",2021,"gold",134,0.2495
"Lincoln University",2021,"green",54,0.1006
"Lincoln University",2021,"hybrid",35,0.0652
"Lincoln University",2022,"bronze",11,0.0236
"Lincoln University",2022,"closed",177,0.379
"Lincoln University",2022,"diamond",19,0.0407
"Lincoln University",2022,"gold",156,0.334
"Lincoln University",2022,"green",30,0.0642
"Lincoln University",2022,"hybrid",74,0.1585
"Lincoln University",2023,"bronze",14,0.0291
"Lincoln University",2023,"closed",163,0.3389
"Lincoln University",2023,"diamond",30,0.0624
"Lincoln University",2023,"gold",113,0.2349
"Lincoln University",2023,"green",25,0.052
"Lincoln University",2023,"hybrid",136,0.2827
"Lincoln University",2024,"bronze",41,0.0838
"Lincoln University",2024,"closed",144,0.2945
"Lincoln University",2024,"diamond",29,0.0593
"Lincoln University",2024,"gold",118,0.2413
"Lincoln University",2024,"green",22,0.045
"Lincoln University",2024,"hybrid",135,0.2761
"Lincoln University",2025,"bronze",24,0.0525
"Lincoln University",2025,"closed",123,0.2691
"Lincoln University",2025,"diamond",18,0.0394
"Lincoln University",2025,"gold",124,0.2713
"Lincoln University",2025,"green",12,0.0263
"Lincoln University",2025,"hybrid",156,0.3414
"Lincoln University",2026,"bronze",5,0.0162
"Lincoln University",2026,"closed",85,0.2751
"Lincoln University",2026,"diamond",12,0.0388
"Lincoln University",2026,"gold",88,0.2848
"Lincoln University",2026,"green",5,0.0162
"Lincoln University",2026,"hybrid",114,0.3689
"Massey University",2021,"bronze",118,0.0541
"Massey University",2021,"closed",999,0.458
"Massey University",2021,"diamond",152,0.0697
"Massey University",2021,"gold",520,0.2384
"Massey University",2021,"green",258,0.1183
"Massey University",2021,"hybrid",134,0.0614
"Massey University",2022,"bronze",89,0.043
"Massey University",2022,"closed",804,0.388
"Massey University",2022,"diamond",165,0.0796
"Massey University",2022,"gold",542,0.2616
"Massey University",2022,"green",221,0.1067
"Massey University",2022,"hybrid",251,0.1211
"Massey University",2023,"bronze",95,0.0519
"Massey University",2023,"closed",560,0.306
"Massey University",2023,"diamond",167,0.0913
"Massey University",2023,"gold",405,0.2213
"Massey University",2023,"green",149,0.0814
"Massey University",2023,"hybrid",454,0.2481
"Massey University",2024,"bronze",180,0.1065
"Massey University",2024,"closed",512,0.303
"Massey University",2024,"diamond",142,0.084
"Massey University",2024,"gold",333,0.197
"Massey University",2024,"green",62,0.0367
"Massey University",2024,"hybrid",461,0.2728
"Massey University",2025,"bronze",136,0.0832
"Massey University",2025,"closed",529,0.3235
"Massey University",2025,"diamond",115,0.0703
"Massey University",2025,"gold",329,0.2012
"Massey University",2025,"green",49,0.03
"Massey University",2025,"hybrid",477,0.2917
"Massey University",2026,"bronze",21,0.0241
"Massey University",2026,"closed",246,0.2824
"Massey University",2026,"diamond",65,0.0746
"Massey University",2026,"gold",184,0.2113
"Massey University",2026,"green",49,0.0563
"Massey University",2026,"hybrid",306,0.3513
"Monash University",2021,"bronze",1326,0.1112
"Monash University",2021,"closed",4692,0.3936
"Monash University",2021,"diamond",487,0.0408
"Monash University",2021,"gold",2663,0.2234
"Monash University",2021,"green",1912,0.1604
"Monash University",2021,"hybrid",842,0.0706
"Monash University",2022,"bronze",674,0.0597
"Monash University",2022,"closed",4016,0.3556
"Monash University",2022,"diamond",509,0.0451
"Monash University",2022,"gold",2799,0.2478
"Monash University",2022,"green",1403,0.1242
"Monash University",2022,"hybrid",1894,0.1677
"Monash University",2023,"bronze",1077,0.0981
"Monash University",2023,"closed",2751,0.2507
"Monash University",2023,"diamond",634,0.0578
"Monash University",2023,"gold",2609,0.2377
"Monash University",2023,"green",775,0.0706
"Monash University",2023,"hybrid",3129,0.2851
"Monash University",2024,"bronze",1019,0.0936
"Monash University",2024,"closed",2672,0.2454
"Monash University",2024,"diamond",696,0.0639
"Monash University",2024,"gold",2499,0.2295
"Monash University",2024,"green",652,0.0599
"Monash University",2024,"hybrid",3352,0.3078
"Monash University",2025,"bronze",723,0.0636
"Monash University",2025,"closed",2948,0.2592
"Monash University",2025,"diamond",743,0.0653
"Monash University",2025,"gold",2602,0.2287
"Monash University",2025,"green",759,0.0667
"Monash University",2025,"hybrid",3600,0.3165
"Monash University",2026,"bronze",141,0.022
"Monash University",2026,"closed",1666,0.2601
"Monash University",2026,"diamond",393,0.0614
"Monash University",2026,"gold",1490,0.2326
"Monash University",2026,"green",671,0.1048
"Monash University",2026,"hybrid",2044,0.3191
"The University of Melbourne",2021,"bronze",1774,0.1277
"The University of Melbourne",2021,"closed",5065,0.3647
"The University of Melbourne",2021,"diamond",526,0.0379
"The University of Melbourne",2021,"gold",3501,0.2521
"The University of Melbourne",2021,"green",1878,0.1352
"The University of Melbourne",2021,"hybrid",1146,0.0825
"The University of Melbourne",2022,"bronze",804,0.0619
"The University of Melbourne",2022,"closed",4262,0.3284
"The University of Melbourne",2022,"diamond",592,0.0456
"The University of Melbourne",2022,"gold",3646,0.2809
"The University of Melbourne",2022,"green",1382,0.1065
"The University of Melbourne",2022,"hybrid",2293,0.1767
"The University of Melbourne",2023,"bronze",1224,0.0968
"The University of Melbourne",2023,"closed",3037,0.2402
"The University of Melbourne",2023,"diamond",757,0.0599
"The University of Melbourne",2023,"gold",3297,0.2608
"The University of Melbourne",2023,"green",832,0.0658
"The University of Melbourne",2023,"hybrid",3496,0.2765
"The University of Melbourne",2024,"bronze",1011,0.082
"The University of Melbourne",2024,"closed",2848,0.2311
"The University of Melbourne",2024,"diamond",793,0.0643
"The University of Melbourne",2024,"gold",3150,0.2556
"The University of Melbourne",2024,"green",757,0.0614
"The University of Melbourne",2024,"hybrid",3766,0.3056
"The University of Melbourne",2025,"bronze",716,0.0587
"The University of Melbourne",2025,"closed",3003,0.2461
"The University of Melbourne",2025,"diamond",834,0.0683
"The University of Melbourne",2025,"gold",3058,0.2506
"The University of Melbourne",2025,"green",687,0.0563
"The University of Melbourne",2025,"hybrid",3906,0.3201
"The University of Melbourne",2026,"bronze",147,0.0215
"The University of Melbourne",2026,"closed",1737,0.2539
"The University of Melbourne",2026,"diamond",421,0.0615
"The University of Melbourne",2026,"gold",1617,0.2363
"The University of Melbourne",2026,"green",710,0.1038
"The University of Melbourne",2026,"hybrid",2210,0.323
"The University of Queensland",2021,"bronze",1022,0.0901
"The University of Queensland",2021,"closed",4988,0.4396
"The University of Queensland",2021,"diamond",426,0.0375
"The University of Queensland",2021,"gold",2785,0.2455
"The University of Queensland",2021,"green",1331,0.1173
"The University of Queensland",2021,"hybrid",794,0.07
"The University of Queensland",2022,"bronze",649,0.0599
"The University of Queensland",2022,"closed",3937,0.3632
"The University of Queensland",2022,"diamond",501,0.0462
"The University of Queensland",2022,"gold",2822,0.2603
"The University of Queensland",2022,"green",1015,0.0936
"The University of Queensland",2022,"hybrid",1916,0.1768
"The University of Queensland",2023,"bronze",818,0.0802
"The University of Queensland",2023,"closed",2668,0.2616
"The University of Queensland",2023,"diamond",579,0.0568
"The University of Queensland",2023,"gold",2496,0.2447
"The University of Queensland",2023,"green",625,0.0613
"The University of Queensland",2023,"hybrid",3014,0.2955
"The University of Queensland",2024,"bronze",738,0.0727
"The University of Queensland",2024,"closed",2616,0.2578
"The University of Queensland",2024,"diamond",646,0.0637
"The University of Queensland",2024,"gold",2499,0.2462
"The University of Queensland",2024,"green",457,0.045
"The University of Queensland",2024,"hybrid",3193,0.3146
"The University of Queensland",2025,"bronze",584,0.0573
"The University of Queensland",2025,"closed",2876,0.282
"The University of Queensland",2025,"diamond",632,0.062
"The University of Queensland",2025,"gold",2475,0.2427
"The University of Queensland",2025,"green",435,0.0427
"The University of Queensland",2025,"hybrid",3197,0.3135
"The University of Queensland",2026,"bronze",106,0.0186
"The University of Queensland",2026,"closed",1666,0.2922
"The University of Queensland",2026,"diamond",289,0.0507
"The University of Queensland",2026,"gold",1342,0.2354
"The University of Queensland",2026,"green",431,0.0756
"The University of Queensland",2026,"hybrid",1867,0.3275
"The University of Sydney",2021,"bronze",1206,0.0933
"The University of Sydney",2021,"closed",5746,0.4447
"The University of Sydney",2021,"diamond",581,0.045
"The University of Sydney",2021,"gold",2830,0.219
"The University of Sydney",2021,"green",1688,0.1307
"The University of Sydney",2021,"hybrid",869,0.0673
"The University of Sydney",2022,"bronze",733,0.0608
"The University of Sydney",2022,"closed",4746,0.3934
"The University of Sydney",2022,"diamond",608,0.0504
"The University of Sydney",2022,"gold",2770,0.2296
"The University of Sydney",2022,"green",1347,0.1117
"The University of Sydney",2022,"hybrid",1860,0.1542
"The University of Sydney",2023,"bronze",1095,0.0892
"The University of Sydney",2023,"closed",4095,0.3334
"The University of Sydney",2023,"diamond",671,0.0546
"The University of Sydney",2023,"gold",2768,0.2254
"The University of Sydney",2023,"green",811,0.066
"The University of Sydney",2023,"hybrid",2842,0.2314
"The University of Sydney",2024,"bronze",1057,0.0844
"The University of Sydney",2024,"closed",3983,0.3179
"The University of Sydney",2024,"diamond",800,0.0638
"The University of Sydney",2024,"gold",2845,0.2271
"The University of Sydney",2024,"green",627,0.05
"The University of Sydney",2024,"hybrid",3218,0.2568
"The University of Sydney",2025,"bronze",757,0.0589
"The University of Sydney",2025,"closed",4156,0.3234
"The University of Sydney",2025,"diamond",788,0.0613
"The University of Sydney",2025,"gold",3045,0.237
"The University of Sydney",2025,"green",643,0.05
"The University of Sydney",2025,"hybrid",3461,0.2693
"The University of Sydney",2026,"bronze",170,0.0254
"The University of Sydney",2026,"closed",1874,0.2799
"The University of Sydney",2026,"diamond",374,0.0559
"The University of Sydney",2026,"gold",1655,0.2472
"The University of Sydney",2026,"green",474,0.0708
"The University of Sydney",2026,"hybrid",2148,0.3208
"The University of Western Australia",2021,"bronze",563,0.0917
"The University of Western Australia",2021,"closed",2292,0.3734
"The University of Western Australia",2021,"diamond",229,0.0373
"The University of Western Australia",2021,"gold",1353,0.2204
"The University of Western Australia",2021,"green",1250,0.2036
"The University of Western Australia",2021,"hybrid",451,0.0735
"The University of Western Australia",2022,"bronze",419,0.0734
"The University of Western Australia",2022,"closed",2020,0.3539
"The University of Western Australia",2022,"diamond",219,0.0384
"The University of Western Australia",2022,"gold",1388,0.2432
"The University of Western Australia",2022,"green",761,0.1333
"The University of Western Australia",2022,"hybrid",901,0.1578
"The University of Western Australia",2023,"bronze",460,0.0804
"The University of Western Australia",2023,"closed",1730,0.3024
"The University of Western Australia",2023,"diamond",257,0.0449
"The University of Western Australia",2023,"gold",1384,0.242
"The University of Western Australia",2023,"green",447,0.0781
"The University of Western Australia",2023,"hybrid",1442,0.2521
"The University of Western Australia",2024,"bronze",433,0.0778
"The University of Western Australia",2024,"closed",1556,0.2796
"The University of Western Australia",2024,"diamond",313,0.0562
"The University of Western Australia",2024,"gold",1421,0.2553
"The University of Western Australia",2024,"green",345,0.062
"The University of Western Australia",2024,"hybrid",1497,0.269
"The University of Western Australia",2025,"bronze",293,0.0551
"The University of Western Australia",2025,"closed",1628,0.306
"The University of Western Australia",2025,"diamond",288,0.0541
"The University of Western Australia",2025,"gold",1343,0.2524
"The University of Western Australia",2025,"green",344,0.0646
"The University of Western Australia",2025,"hybrid",1425,0.2678
"The University of Western Australia",2026,"bronze",64,0.0224
"The University of Western Australia",2026,"closed",820,0.2869
"The University of Western Australia",2026,"diamond",148,0.0518
"The University of Western Australia",2026,"gold",719,0.2516
"The University of Western Australia",2026,"green",185,0.0647
"The University of Western Australia",2026,"hybrid",922,0.3226
"UNSW Sydney",2021,"bronze",1075,0.0943
"UNSW Sydney",2021,"closed",4413,0.3872
"UNSW Sydney",2021,"diamond",470,0.0412
"UNSW Sydney",2021,"gold",2674,0.2346
"UNSW Sydney",2021,"green",1948,0.1709
"UNSW Sydney",2021,"hybrid",818,0.0718
"UNSW Sydney",2022,"bronze",603,0.056
"UNSW Sydney",2022,"closed",3707,0.3445
"UNSW Sydney",2022,"diamond",514,0.0478
"UNSW Sydney",2022,"gold",2783,0.2586
"UNSW Sydney",2022,"green",1416,0.1316
"UNSW Sydney",2022,"hybrid",1738,0.1615
"UNSW Sydney",2023,"bronze",845,0.0837
"UNSW Sydney",2023,"closed",2655,0.2631
"UNSW Sydney",2023,"diamond",628,0.0622
"UNSW Sydney",2023,"gold",2460,0.2438
"UNSW Sydney",2023,"green",779,0.0772
"UNSW Sydney",2023,"hybrid",2724,0.2699
"UNSW Sydney",2024,"bronze",776,0.0775
"UNSW Sydney",2024,"closed",2545,0.2543
"UNSW Sydney",2024,"diamond",638,0.0637
"UNSW Sydney",2024,"gold",2344,0.2342
"UNSW Sydney",2024,"green",576,0.0575
"UNSW Sydney",2024,"hybrid",3130,0.3127
"UNSW Sydney",2025,"bronze",528,0.0512
"UNSW Sydney",2025,"closed",2898,0.2808
"UNSW Sydney",2025,"diamond",674,0.0653
"UNSW Sydney",2025,"gold",2397,0.2322
"UNSW Sydney",2025,"green",512,0.0496
"UNSW Sydney",2025,"hybrid",3313,0.321
"UNSW Sydney",2026,"bronze",106,0.0186
"UNSW Sydney",2026,"closed",1642,0.2883
"UNSW Sydney",2026,"diamond",337,0.0592
"UNSW Sydney",2026,"gold",1354,0.2377
"UNSW Sydney",2026,"green",383,0.0672
"UNSW Sydney",2026,"hybrid",1874,0.329
"University of Auckland",2021,"bronze",421,0.0737
"University of Auckland",2021,"closed",2822,0.4942
"University of Auckland",2021,"diamond",317,0.0555
"University of Auckland",2021,"gold",1115,0.1953
"University of Auckland",2021,"green",659,0.1154
"University of Auckland",2021,"hybrid",376,0.0658
"University of Auckland",2022,"bronze",302,0.0566
"University of Auckland",2022,"closed",2252,0.4224
"University of Auckland",2022,"diamond",334,0.0626
"University of Auckland",2022,"gold",1157,0.217
"University of Auckland",2022,"green",520,0.0975
"University of Auckland",2022,"hybrid",767,0.1438
"University of Auckland",2023,"bronze",393,0.0739
"University of Auckland",2023,"closed",1909,0.3588
"University of Auckland",2023,"diamond",391,0.0735
"University of Auckland",2023,"gold",1054,0.1981
"University of Auckland",2023,"green",358,0.0673
"University of Auckland",2023,"hybrid",1216,0.2285
"University of Auckland",2024,"bronze",440,0.0831
"University of Auckland",2024,"closed",1725,0.3258
"University of Auckland",2024,"diamond",361,0.0682
"University of Auckland",2024,"gold",1019,0.1924
"University of Auckland",2024,"green",388,0.0733
"University of Auckland",2024,"hybrid",1362,0.2572
"University of Auckland",2025,"bronze",312,0.0549
"University of Auckland",2025,"closed",2118,0.3729
"University of Auckland",2025,"diamond",386,0.068
"University of Auckland",2025,"gold",1031,0.1815
"University of Auckland",2025,"green",347,0.0611
"University of Auckland",2025,"hybrid",1486,0.2616
"University of Auckland",2026,"bronze",73,0.025
"University of Auckland",2026,"closed",936,0.3204
"University of Auckland",2026,"diamond",199,0.0681
"University of Auckland",2026,"gold",562,0.1924
"University of Auckland",2026,"green",207,0.0709
"University of Auckland",2026,"hybrid",944,0.3232
"University of Canterbury",2021,"bronze",131,0.0773
"University of Canterbury",2021,"closed",821,0.4847
"University of Canterbury",2021,"diamond",131,0.0773
"University of Canterbury",2021,"gold",297,0.1753
"University of Canterbury",2021,"green",161,0.095
"University of Canterbury",2021,"hybrid",153,0.0903
"University of Canterbury",2022,"bronze",58,0.036
"University of Canterbury",2022,"closed",652,0.405
"University of Canterbury",2022,"diamond",136,0.0845
"University of Canterbury",2022,"gold",320,0.1988
"University of Canterbury",2022,"green",162,0.1006
"University of Canterbury",2022,"hybrid",282,0.1752
"University of Canterbury",2023,"bronze",71,0.0392
"University of Canterbury",2023,"closed",588,0.3249
"University of Canterbury",2023,"diamond",175,0.0967
"University of Canterbury",2023,"gold",403,0.2227
"University of Canterbury",2023,"green",103,0.0569
"University of Canterbury",2023,"hybrid",470,0.2597
"University of Canterbury",2024,"bronze",112,0.0637
"University of Canterbury",2024,"closed",554,0.3153
"University of Canterbury",2024,"diamond",197,0.1121
"University of Canterbury",2024,"gold",327,0.1861
"University of Canterbury",2024,"green",77,0.0438
"University of Canterbury",2024,"hybrid",490,0.2789
"University of Canterbury",2025,"bronze",66,0.0383
"University of Canterbury",2025,"closed",593,0.344
"University of Canterbury",2025,"diamond",132,0.0766
"University of Canterbury",2025,"gold",340,0.1972
"University of Canterbury",2025,"green",68,0.0394
"University of Canterbury",2025,"hybrid",525,0.3045
"University of Canterbury",2026,"bronze",20,0.0231
"University of Canterbury",2026,"closed",252,0.2917
"University of Canterbury",2026,"diamond",36,0.0417
"University of Canterbury",2026,"gold",172,0.1991
"University of Canterbury",2026,"green",62,0.0718
"University of Canterbury",2026,"hybrid",322,0.3727
"University of Otago",2021,"bronze",288,0.083
"University of Otago",2021,"closed",1598,0.4608
"University of Otago",2021,"diamond",169,0.0487
"University of Otago",2021,"gold",828,0.2388
"University of Otago",2021,"green",344,0.0992
"University of Otago",2021,"hybrid",241,0.0695
"University of Otago",2022,"bronze",201,0.0634
"University of Otago",2022,"closed",1155,0.3646
"University of Otago",2022,"diamond",172,0.0543
"University of Otago",2022,"gold",804,0.2538
"University of Otago",2022,"green",341,0.1076
"University of Otago",2022,"hybrid",495,0.1562
"University of Otago",2023,"bronze",258,0.0858
"University of Otago",2023,"closed",841,0.2797
"University of Otago",2023,"diamond",256,0.0851
"University of Otago",2023,"gold",698,0.2321
"University of Otago",2023,"green",165,0.0549
"University of Otago",2023,"hybrid",789,0.2624
"University of Otago",2024,"bronze",325,0.107
"University of Otago",2024,"closed",829,0.273
"University of Otago",2024,"diamond",252,0.083
"University of Otago",2024,"gold",665,0.219
"University of Otago",2024,"green",149,0.0491
"University of Otago",2024,"hybrid",817,0.269
"University of Otago",2025,"bronze",210,0.0746
"University of Otago",2025,"closed",781,0.2775
"University of Otago",2025,"diamond",216,0.0768
"University of Otago",2025,"gold",589,0.2093
"University of Otago",2025,"green",182,0.0647
"University of Otago",2025,"hybrid",836,0.2971
"University of Otago",2026,"bronze",38,0.0237
"University of Otago",2026,"closed",449,0.2803
"University of Otago",2026,"diamond",144,0.0899
"University of Otago",2026,"gold",337,0.2104
"University of Otago",2026,"green",82,0.0512
"University of Otago",2026,"hybrid",552,0.3446
"University of Waikato",2021,"bronze",74,0.0621
"University of Waikato",2021,"closed",576,0.4836
"University of Waikato",2021,"diamond",106,0.089
"University of Waikato",2021,"gold",170,0.1427
"University of Waikato",2021,"green",182,0.1528
"University of Waikato",2021,"hybrid",83,0.0697
"University of Waikato",2022,"bronze",38,0.0314
"University of Waikato",2022,"closed",492,0.4066
"University of Waikato",2022,"diamond",124,0.1025
"University of Waikato",2022,"gold",202,0.1669
"University of Waikato",2022,"green",176,0.1455
"University of Waikato",2022,"hybrid",178,0.1471
"University of Waikato",2023,"bronze",65,0.0531
"University of Waikato",2023,"closed",435,0.3557
"University of Waikato",2023,"diamond",135,0.1104
"University of Waikato",2023,"gold",193,0.1578
"University of Waikato",2023,"green",113,0.0924
"University of Waikato",2023,"hybrid",282,0.2306
"University of Waikato",2024,"bronze",96,0.0858
"University of Waikato",2024,"closed",377,0.3369
"University of Waikato",2024,"diamond",82,0.0733
"University of Waikato",2024,"gold",170,0.1519
"University of Waikato",2024,"green",73,0.0652
"University of Waikato",2024,"hybrid",321,0.2869
"University of Waikato",2025,"bronze",75,0.0652
"University of Waikato",2025,"closed",428,0.3722
"University of Waikato",2025,"diamond",105,0.0913
"University of Waikato",2025,"gold",151,0.1313
"University of Waikato",2025,"green",53,0.0461
"University of Waikato",2025,"hybrid",338,0.2939
"University of Waikato",2026,"bronze",18,0.0323
"University of Waikato",2026,"closed",169,0.3029
"University of Waikato",2026,"diamond",43,0.0771
"University of Waikato",2026,"gold",94,0.1685
"University of Waikato",2026,"green",12,0.0215
"University of Waikato",2026,"hybrid",222,0.3978
"Victoria University of Wellington",2021,"bronze",125,0.0604
"Victoria University of Wellington",2021,"closed",998,0.4821
"Victoria University of Wellington",2021,"diamond",138,0.0667
"Victoria University of Wellington",2021,"gold",307,0.1483
"Victoria University of Wellington",2021,"green",372,0.1797
"Victoria University of Wellington",2021,"hybrid",130,0.0628
"Victoria University of Wellington",2022,"bronze",75,0.0362
"Victoria University of Wellington",2022,"closed",868,0.4185
"Victoria University of Wellington",2022,"diamond",195,0.094
"Victoria University of Wellington",2022,"gold",292,0.1408
"Victoria University of Wellington",2022,"green",331,0.1596
"Victoria University of Wellington",2022,"hybrid",313,0.1509
"Victoria University of Wellington",2023,"bronze",152,0.0789
"Victoria University of Wellington",2023,"closed",675,0.3503
"Victoria University of Wellington",2023,"diamond",185,0.096
"Victoria University of Wellington",2023,"gold",274,0.1422
"Victoria University of Wellington",2023,"green",215,0.1116
"Victoria University of Wellington",2023,"hybrid",426,0.2211
"Victoria University of Wellington",2024,"bronze",146,0.0768
"Victoria University of Wellington",2024,"closed",723,0.3801
"Victoria University of Wellington",2024,"diamond",188,0.0988
"Victoria University of Wellington",2024,"gold",258,0.1356
"Victoria University of Wellington",2024,"green",129,0.0678
"Victoria University of Wellington",2024,"hybrid",458,0.2408
"Victoria University of Wellington",2025,"bronze",89,0.0473
"Victoria University of Wellington",2025,"closed",727,0.3861
"Victoria University of Wellington",2025,"diamond",164,0.0871
"Victoria University of Wellington",2025,"gold",259,0.1375
"Victoria University of Wellington",2025,"green",188,0.0998
"Victoria University of Wellington",2025,"hybrid",456,0.2422
"Victoria University of Wellington",2026,"bronze",19,0.019
"Victoria University of Wellington",2026,"closed",248,0.248
"Victoria University of Wellington",2026,"diamond",82,0.082
"Victoria University of Wellington",2026,"gold",144,0.144
"Victoria University of Wellington",2026,"green",228,0.228
"Victoria University of Wellington",2026,"hybrid",279,0.279
