"publication_year","institution","abbrev","country_code","oa_status","n","pc"
2015,"Auckland University of Technology","AUT","NZ","bronze",79,0.0740393626991565
2015,"Auckland University of Technology","AUT","NZ","closed",689,0.645735707591378
2015,"Auckland University of Technology","AUT","NZ","diamond",26,0.0243673851921275
2015,"Auckland University of Technology","AUT","NZ","gold",110,0.103092783505155
2015,"Auckland University of Technology","AUT","NZ","green",136,0.127460168697282
2015,"Auckland University of Technology","AUT","NZ","hybrid",27,0.0253045923149016
2015,"Australian National University","ANU","AU","bronze",828,0.154592979835698
2015,"Australian National University","ANU","AU","closed",2923,0.545743091859597
2015,"Australian National University","ANU","AU","diamond",103,0.0192307692307692
2015,"Australian National University","ANU","AU","gold",515,0.0961538461538462
2015,"Australian National University","ANU","AU","green",787,0.146938013442868
2015,"Australian National University","ANU","AU","hybrid",200,0.0373412994772218
2015,"Lincoln University","LU","NZ","bronze",55,0.157593123209169
2015,"Lincoln University","LU","NZ","closed",194,0.555873925501433
2015,"Lincoln University","LU","NZ","diamond",4,0.0114613180515759
2015,"Lincoln University","LU","NZ","gold",48,0.137535816618911
2015,"Lincoln University","LU","NZ","green",32,0.0916905444126074
2015,"Lincoln University","LU","NZ","hybrid",16,0.0458452722063037
2015,"Massey University","MU","NZ","bronze",176,0.106860959319976
2015,"Massey University","MU","NZ","closed",1052,0.638737097753491
2015,"Massey University","MU","NZ","diamond",27,0.0163934426229508
2015,"Massey University","MU","NZ","gold",164,0.0995749848208865
2015,"Massey University","MU","NZ","green",166,0.100789313904068
2015,"Massey University","MU","NZ","hybrid",62,0.0376442015786278
2015,"Monash University","MAU","AU","bronze",1167,0.143383708072245
2015,"Monash University","MAU","AU","closed",4866,0.597862145226686
2015,"Monash University","MAU","AU","diamond",97,0.0119179260351395
2015,"Monash University","MAU","AU","gold",872,0.107138469099398
2015,"Monash University","MAU","AU","green",815,0.100135151738543
2015,"Monash University","MAU","AU","hybrid",322,0.0395625998279887
2015,"The University of Adelaide","UA","AU","bronze",643,0.141287629092507
2015,"The University of Adelaide","UA","AU","closed",2750,0.604262799384751
2015,"The University of Adelaide","UA","AU","diamond",72,0.015820698747528
2015,"The University of Adelaide","UA","AU","gold",464,0.101955614150736
2015,"The University of Adelaide","UA","AU","green",437,0.0960228521204131
2015,"The University of Adelaide","UA","AU","hybrid",185,0.040650406504065
2015,"The University of Melbourne","UM","AU","bronze",1477,0.151829769736842
2015,"The University of Melbourne","UM","AU","closed",5283,0.543071546052632
2015,"The University of Melbourne","UM","AU","diamond",131,0.0134662828947368
2015,"The University of Melbourne","UM","AU","gold",1236,0.127055921052632
2015,"The University of Melbourne","UM","AU","green",1140,0.1171875
2015,"The University of Melbourne","UM","AU","hybrid",461,0.0473889802631579
2015,"The University of Queensland","UQ","AU","bronze",1097,0.12125566486128
2015,"The University of Queensland","UQ","AU","closed",5464,0.60395711285509
2015,"The University of Queensland","UQ","AU","diamond",75,0.0082900408975351
2015,"The University of Queensland","UQ","AU","gold",1121,0.123908477948491
2015,"The University of Queensland","UQ","AU","green",931,0.102907041008069
2015,"The University of Queensland","UQ","AU","hybrid",359,0.0396816624295347
2015,"The University of Sydney","US","AU","bronze",1463,0.150995974816803
2015,"The University of Sydney","US","AU","closed",5625,0.580555268861596
2015,"The University of Sydney","US","AU","diamond",174,0.0179585096501187
2015,"The University of Sydney","US","AU","gold",1117,0.115285375167716
2015,"The University of Sydney","US","AU","green",903,0.0931984724945815
2015,"The University of Sydney","US","AU","hybrid",407,0.0420063990091857
2015,"The University of Western Australia","UWA","AU","bronze",789,0.162212171052632
2015,"The University of Western Australia","UWA","AU","closed",2488,0.511513157894737
2015,"The University of Western Australia","UWA","AU","diamond",70,0.0143914473684211
2015,"The University of Western Australia","UWA","AU","gold",612,0.125822368421053
2015,"The University of Western Australia","UWA","AU","green",680,0.139802631578947
2015,"The University of Western Australia","UWA","AU","hybrid",225,0.0462582236842105
2015,"UNSW Sydney","UNSWS","AU","bronze",1005,0.114712932313663
2015,"UNSW Sydney","UNSWS","AU","closed",5477,0.62515694555416
2015,"UNSW Sydney","UNSWS","AU","diamond",111,0.0126697865540463
2015,"UNSW Sydney","UNSWS","AU","gold",900,0.102727999086862
2015,"UNSW Sydney","UNSWS","AU","green",950,0.108435110147243
2015,"UNSW Sydney","UNSWS","AU","hybrid",318,0.0362972263440247
2015,"University of Auckland","UOA","NZ","bronze",494,0.11419325011558
2015,"University of Auckland","UOA","NZ","closed",2759,0.637771613499769
2015,"University of Auckland","UOA","NZ","diamond",73,0.0168747110494683
2015,"University of Auckland","UOA","NZ","gold",459,0.106102635228849
2015,"University of Auckland","UOA","NZ","green",416,0.096162736939436
2015,"University of Auckland","UOA","NZ","hybrid",125,0.0288950531668978
2015,"University of Canterbury","UC","NZ","bronze",144,0.102418207681366
2015,"University of Canterbury","UC","NZ","closed",859,0.610953058321479
2015,"University of Canterbury","UC","NZ","diamond",27,0.019203413940256
2015,"University of Canterbury","UC","NZ","gold",138,0.0981507823613087
2015,"University of Canterbury","UC","NZ","green",184,0.130867709815078
2015,"University of Canterbury","UC","NZ","hybrid",54,0.0384068278805121
2015,"University of Otago","UO","NZ","bronze",438,0.151086581579855
2015,"University of Otago","UO","NZ","closed",1727,0.595722662987237
2015,"University of Otago","UO","NZ","diamond",48,0.0165574335977923
2015,"University of Otago","UO","NZ","gold",364,0.125560538116592
2015,"University of Otago","UO","NZ","green",206,0.0710589858571921
2015,"University of Otago","UO","NZ","hybrid",116,0.0400137978613315
2015,"University of Waikato","UOW","NZ","bronze",85,0.0814176245210728
2015,"University of Waikato","UOW","NZ","closed",625,0.598659003831418
2015,"University of Waikato","UOW","NZ","diamond",53,0.0507662835249042
2015,"University of Waikato","UOW","NZ","gold",63,0.0603448275862069
2015,"University of Waikato","UOW","NZ","green",187,0.17911877394636
2015,"University of Waikato","UOW","NZ","hybrid",31,0.0296934865900383
2015,"Victoria University of Wellington","VUW","NZ","bronze",206,0.110160427807487
2015,"Victoria University of Wellington","VUW","NZ","closed",1238,0.662032085561497
2015,"Victoria University of Wellington","VUW","NZ","diamond",28,0.0149732620320856
2015,"Victoria University of Wellington","VUW","NZ","gold",135,0.072192513368984
2015,"Victoria University of Wellington","VUW","NZ","green",210,0.112299465240642
2015,"Victoria University of Wellington","VUW","NZ","hybrid",53,0.0283422459893048
2016,"Auckland University of Technology","AUT","NZ","bronze",80,0.0665557404326123
2016,"Auckland University of Technology","AUT","NZ","closed",799,0.664725457570715
2016,"Auckland University of Technology","AUT","NZ","diamond",20,0.0166389351081531
2016,"Auckland University of Technology","AUT","NZ","gold",103,0.0856905158069883
2016,"Auckland University of Technology","AUT","NZ","green",163,0.135607321131448
2016,"Auckland University of Technology","AUT","NZ","hybrid",37,0.0307820299500832
2016,"Australian National University","ANU","AU","bronze",857,0.156329806639912
2016,"Australian National University","ANU","AU","closed",2793,0.509485589201021
2016,"Australian National University","ANU","AU","diamond",110,0.0200656694636994
2016,"Australian National University","ANU","AU","gold",524,0.0955855527179861
2016,"Australian National University","ANU","AU","green",970,0.17694272163444
2016,"Australian National University","ANU","AU","hybrid",228,0.0415906603429405
2016,"Lincoln University","LU","NZ","bronze",59,0.139810426540284
2016,"Lincoln University","LU","NZ","closed",239,0.566350710900474
2016,"Lincoln University","LU","NZ","diamond",5,0.0118483412322275
2016,"Lincoln University","LU","NZ","gold",54,0.127962085308057
2016,"Lincoln University","LU","NZ","green",26,0.0616113744075829
2016,"Lincoln University","LU","NZ","hybrid",39,0.0924170616113744
2016,"Massey University","MU","NZ","bronze",170,0.0915455035002693
2016,"Massey University","MU","NZ","closed",1208,0.650511577813678
2016,"Massey University","MU","NZ","diamond",26,0.0140010770059235
2016,"Massey University","MU","NZ","gold",193,0.103931071620894
2016,"Massey University","MU","NZ","green",169,0.091007000538503
2016,"Massey University","MU","NZ","hybrid",91,0.0490037695207324
2016,"Monash University","MAU","AU","bronze",1175,0.138675793697628
2016,"Monash University","MAU","AU","closed",4799,0.566387348046737
2016,"Monash University","MAU","AU","diamond",125,0.0147527440103859
2016,"Monash University","MAU","AU","gold",992,0.117077776466423
2016,"Monash University","MAU","AU","green",1060,0.125103269208073
2016,"Monash University","MAU","AU","hybrid",322,0.0380030685707542
2016,"The University of Adelaide","UA","AU","bronze",605,0.129301132720667
2016,"The University of Adelaide","UA","AU","closed",2722,0.581748236802736
2016,"The University of Adelaide","UA","AU","diamond",111,0.0237230177388331
2016,"The University of Adelaide","UA","AU","gold",501,0.107074161145544
2016,"The University of Adelaide","UA","AU","green",524,0.111989741397735
2016,"The University of Adelaide","UA","AU","hybrid",216,0.046163710194486
2016,"The University of Melbourne","UM","AU","bronze",1460,0.143587726199843
2016,"The University of Melbourne","UM","AU","closed",5024,0.494099134539732
2016,"The University of Melbourne","UM","AU","diamond",192,0.018882769472856
2016,"The University of Melbourne","UM","AU","gold",1377,0.135424862313139
2016,"The University of Melbourne","UM","AU","green",1593,0.156667977970102
2016,"The University of Melbourne","UM","AU","hybrid",522,0.0513375295043273
2016,"The University of Queensland","UQ","AU","bronze",1091,0.118586956521739
2016,"The University of Queensland","UQ","AU","closed",5322,0.578478260869565
2016,"The University of Queensland","UQ","AU","diamond",117,0.0127173913043478
2016,"The University of Queensland","UQ","AU","gold",1208,0.131304347826087
2016,"The University of Queensland","UQ","AU","green",1114,0.121086956521739
2016,"The University of Queensland","UQ","AU","hybrid",348,0.0378260869565217
2016,"The University of Sydney","US","AU","bronze",1474,0.144368266405485
2016,"The University of Sydney","US","AU","closed",5728,0.56101860920666
2016,"The University of Sydney","US","AU","diamond",169,0.0165523996082272
2016,"The University of Sydney","US","AU","gold",1267,0.12409402546523
2016,"The University of Sydney","US","AU","green",1134,0.111067580803134
2016,"The University of Sydney","US","AU","hybrid",438,0.0428991185112635
2016,"The University of Western Australia","UWA","AU","bronze",837,0.158913992785267
2016,"The University of Western Australia","UWA","AU","closed",2516,0.477691285361686
2016,"The University of Western Australia","UWA","AU","diamond",99,0.0187962787165369
2016,"The University of Western Australia","UWA","AU","gold",732,0.138978545661667
2016,"The University of Western Australia","UWA","AU","green",840,0.159483576988798
2016,"The University of Western Australia","UWA","AU","hybrid",243,0.0461363204860452
2016,"UNSW Sydney","UNSWS","AU","bronze",978,0.108969359331476
2016,"UNSW Sydney","UNSWS","AU","closed",5418,0.603676880222841
2016,"UNSW Sydney","UNSWS","AU","diamond",100,0.011142061281337
2016,"UNSW Sydney","UNSWS","AU","gold",968,0.107855153203343
2016,"UNSW Sydney","UNSWS","AU","green",1151,0.128245125348189
2016,"UNSW Sydney","UNSWS","AU","hybrid",360,0.0401114206128134
2016,"University of Auckland","UOA","NZ","bronze",577,0.122064734503914
2016,"University of Auckland","UOA","NZ","closed",2825,0.597630632536493
2016,"University of Auckland","UOA","NZ","diamond",75,0.0158662999788449
2016,"University of Auckland","UOA","NZ","gold",519,0.109794795853607
2016,"University of Auckland","UOA","NZ","green",546,0.115506663845991
2016,"University of Auckland","UOA","NZ","hybrid",185,0.0391368732811508
2016,"University of Canterbury","UC","NZ","bronze",148,0.104225352112676
2016,"University of Canterbury","UC","NZ","closed",862,0.607042253521127
2016,"University of Canterbury","UC","NZ","diamond",22,0.0154929577464789
2016,"University of Canterbury","UC","NZ","gold",123,0.0866197183098592
2016,"University of Canterbury","UC","NZ","green",189,0.133098591549296
2016,"University of Canterbury","UC","NZ","hybrid",76,0.0535211267605634
2016,"University of Otago","UO","NZ","bronze",431,0.145608108108108
2016,"University of Otago","UO","NZ","closed",1728,0.583783783783784
2016,"University of Otago","UO","NZ","diamond",61,0.0206081081081081
2016,"University of Otago","UO","NZ","gold",374,0.126351351351351
2016,"University of Otago","UO","NZ","green",246,0.0831081081081081
2016,"University of Otago","UO","NZ","hybrid",120,0.0405405405405405
2016,"University of Waikato","UOW","NZ","bronze",93,0.0857142857142857
2016,"University of Waikato","UOW","NZ","closed",596,0.549308755760369
2016,"University of Waikato","UOW","NZ","diamond",50,0.0460829493087558
2016,"University of Waikato","UOW","NZ","gold",75,0.0691244239631336
2016,"University of Waikato","UOW","NZ","green",226,0.208294930875576
2016,"University of Waikato","UOW","NZ","hybrid",45,0.0414746543778802
2016,"Victoria University of Wellington","VUW","NZ","bronze",190,0.0974858902001026
2016,"Victoria University of Wellington","VUW","NZ","closed",1290,0.661877886095434
2016,"Victoria University of Wellington","VUW","NZ","diamond",29,0.0148794253463315
2016,"Victoria University of Wellington","VUW","NZ","gold",104,0.0533606977937404
2016,"Victoria University of Wellington","VUW","NZ","green",279,0.143150333504361
2016,"Victoria University of Wellington","VUW","NZ","hybrid",57,0.0292457670600308
2017,"Auckland University of Technology","AUT","NZ","bronze",90,0.0665188470066519
2017,"Auckland University of Technology","AUT","NZ","closed",824,0.609016999260902
2017,"Auckland University of Technology","AUT","NZ","diamond",37,0.0273466371027347
2017,"Auckland University of Technology","AUT","NZ","gold",159,0.117516629711752
2017,"Auckland University of Technology","AUT","NZ","green",192,0.141906873614191
2017,"Auckland University of Technology","AUT","NZ","hybrid",51,0.0376940133037694
2017,"Australian National University","ANU","AU","bronze",921,0.166185492601949
2017,"Australian National University","ANU","AU","closed",2581,0.465716347888849
2017,"Australian National University","ANU","AU","diamond",106,0.019126669072537
2017,"Australian National University","ANU","AU","gold",571,0.103031396607723
2017,"Australian National University","ANU","AU","green",1092,0.197040779501985
2017,"Australian National University","ANU","AU","hybrid",271,0.0488993143269578
2017,"Lincoln University","LU","NZ","bronze",49,0.110112359550562
2017,"Lincoln University","LU","NZ","closed",258,0.579775280898876
2017,"Lincoln University","LU","NZ","diamond",11,0.0247191011235955
2017,"Lincoln University","LU","NZ","gold",62,0.139325842696629
2017,"Lincoln University","LU","NZ","green",31,0.0696629213483146
2017,"Lincoln University","LU","NZ","hybrid",34,0.0764044943820225
2017,"Massey University","MU","NZ","bronze",191,0.0947420634920635
2017,"Massey University","MU","NZ","closed",1240,0.615079365079365
2017,"Massey University","MU","NZ","diamond",39,0.0193452380952381
2017,"Massey University","MU","NZ","gold",257,0.127480158730159
2017,"Massey University","MU","NZ","green",195,0.0967261904761905
2017,"Massey University","MU","NZ","hybrid",94,0.0466269841269841
2017,"Monash University","MAU","AU","bronze",1427,0.146524283807372
2017,"Monash University","MAU","AU","closed",5347,0.549029674504569
2017,"Monash University","MAU","AU","diamond",144,0.0147859123113256
2017,"Monash University","MAU","AU","gold",1207,0.123934695553958
2017,"Monash University","MAU","AU","green",1250,0.128349933258035
2017,"Monash University","MAU","AU","hybrid",364,0.0373755005647397
2017,"The University of Adelaide","UA","AU","bronze",611,0.13265306122449
2017,"The University of Adelaide","UA","AU","closed",2525,0.548198002605297
2017,"The University of Adelaide","UA","AU","diamond",98,0.0212765957446809
2017,"The University of Adelaide","UA","AU","gold",615,0.133521493703865
2017,"The University of Adelaide","UA","AU","green",551,0.119626574033869
2017,"The University of Adelaide","UA","AU","hybrid",206,0.0447242726877985
2017,"The University of Melbourne","UM","AU","bronze",1572,0.144644828855355
2017,"The University of Melbourne","UM","AU","closed",5167,0.475432462274568
2017,"The University of Melbourne","UM","AU","diamond",217,0.0199668752300331
2017,"The University of Melbourne","UM","AU","gold",1599,0.147129186602871
2017,"The University of Melbourne","UM","AU","green",1786,0.164335664335664
2017,"The University of Melbourne","UM","AU","hybrid",527,0.048490982701509
2017,"The University of Queensland","UQ","AU","bronze",1075,0.115828035772007
2017,"The University of Queensland","UQ","AU","closed",5220,0.562439392306863
2017,"The University of Queensland","UQ","AU","diamond",131,0.0141148583126818
2017,"The University of Queensland","UQ","AU","gold",1433,0.154401465359336
2017,"The University of Queensland","UQ","AU","green",1076,0.115935782782028
2017,"The University of Queensland","UQ","AU","hybrid",346,0.0372804654670833
2017,"The University of Sydney","US","AU","bronze",1524,0.141991987328799
2017,"The University of Sydney","US","AU","closed",5701,0.531165564147955
2017,"The University of Sydney","US","AU","diamond",192,0.01788875430914
2017,"The University of Sydney","US","AU","gold",1498,0.139569551849436
2017,"The University of Sydney","US","AU","green",1382,0.128761762787664
2017,"The University of Sydney","US","AU","hybrid",436,0.0406223795770055
2017,"The University of Western Australia","UWA","AU","bronze",786,0.147939017504235
2017,"The University of Western Australia","UWA","AU","closed",2542,0.478449087144739
2017,"The University of Western Australia","UWA","AU","diamond",80,0.0150574063617542
2017,"The University of Western Australia","UWA","AU","gold",785,0.147750799924713
2017,"The University of Western Australia","UWA","AU","green",886,0.166760775456428
2017,"The University of Western Australia","UWA","AU","hybrid",234,0.044042913608131
2017,"UNSW Sydney","UNSWS","AU","bronze",972,0.102542462285051
2017,"UNSW Sydney","UNSWS","AU","closed",5444,0.574322185884587
2017,"UNSW Sydney","UNSWS","AU","diamond",128,0.0135035341280726
2017,"UNSW Sydney","UNSWS","AU","gold",1202,0.126806625171432
2017,"UNSW Sydney","UNSWS","AU","green",1388,0.146428948201287
2017,"UNSW Sydney","UNSWS","AU","hybrid",345,0.0363962443295706
2017,"University of Auckland","UOA","NZ","bronze",538,0.115425874275906
2017,"University of Auckland","UOA","NZ","closed",2659,0.570478438103411
2017,"University of Auckland","UOA","NZ","diamond",70,0.0150182364299507
2017,"University of Auckland","UOA","NZ","gold",593,0.127225917185153
2017,"University of Auckland","UOA","NZ","green",593,0.127225917185153
2017,"University of Auckland","UOA","NZ","hybrid",208,0.0446256168204248
2017,"University of Canterbury","UC","NZ","bronze",134,0.0885657633840053
2017,"University of Canterbury","UC","NZ","closed",849,0.561136814276272
2017,"University of Canterbury","UC","NZ","diamond",34,0.0224719101123595
2017,"University of Canterbury","UC","NZ","gold",186,0.122934567085261
2017,"University of Canterbury","UC","NZ","green",215,0.142101784534038
2017,"University of Canterbury","UC","NZ","hybrid",95,0.0627891606080634
2017,"University of Otago","UO","NZ","bronze",384,0.120603015075377
2017,"University of Otago","UO","NZ","closed",1774,0.5571608040201
2017,"University of Otago","UO","NZ","diamond",63,0.019786432160804
2017,"University of Otago","UO","NZ","gold",496,0.155778894472362
2017,"University of Otago","UO","NZ","green",312,0.0979899497487437
2017,"University of Otago","UO","NZ","hybrid",155,0.0486809045226131
2017,"University of Waikato","UOW","NZ","bronze",92,0.0480920020909566
2017,"University of Waikato","UOW","NZ","closed",1342,0.701515943544171
2017,"University of Waikato","UOW","NZ","diamond",63,0.032932566649242
2017,"University of Waikato","UOW","NZ","gold",109,0.0569785676947203
2017,"University of Waikato","UOW","NZ","green",243,0.127025614218505
2017,"University of Waikato","UOW","NZ","hybrid",64,0.0334553058024046
2017,"Victoria University of Wellington","VUW","NZ","bronze",204,0.0952380952380952
2017,"Victoria University of Wellington","VUW","NZ","closed",1345,0.627917833800187
2017,"Victoria University of Wellington","VUW","NZ","diamond",42,0.0196078431372549
2017,"Victoria University of Wellington","VUW","NZ","gold",172,0.0802987861811391
2017,"Victoria University of Wellington","VUW","NZ","green",302,0.140989729225023
2017,"Victoria University of Wellington","VUW","NZ","hybrid",77,0.0359477124183007
2018,"Auckland University of Technology","AUT","NZ","bronze",107,0.0790251107828656
2018,"Auckland University of Technology","AUT","NZ","closed",825,0.60930576070901
2018,"Auckland University of Technology","AUT","NZ","diamond",41,0.0302806499261448
2018,"Auckland University of Technology","AUT","NZ","gold",180,0.132939438700148
2018,"Auckland University of Technology","AUT","NZ","green",152,0.112259970457903
2018,"Auckland University of Technology","AUT","NZ","hybrid",49,0.0361890694239291
2018,"Australian National University","ANU","AU","bronze",824,0.149140271493213
2018,"Australian National University","ANU","AU","closed",2638,0.477466063348416
2018,"Australian National University","ANU","AU","diamond",122,0.0220814479638009
2018,"Australian National University","ANU","AU","gold",595,0.107692307692308
2018,"Australian National University","ANU","AU","green",1101,0.199276018099548
2018,"Australian National University","ANU","AU","hybrid",245,0.0443438914027149
2018,"Lincoln University","LU","NZ","bronze",44,0.0952380952380952
2018,"Lincoln University","LU","NZ","closed",275,0.595238095238095
2018,"Lincoln University","LU","NZ","diamond",9,0.0194805194805195
2018,"Lincoln University","LU","NZ","gold",68,0.147186147186147
2018,"Lincoln University","LU","NZ","green",39,0.0844155844155844
2018,"Lincoln University","LU","NZ","hybrid",27,0.0584415584415584
2018,"Massey University","MU","NZ","bronze",190,0.0996329313057158
2018,"Massey University","MU","NZ","closed",1101,0.577346617724174
2018,"Massey University","MU","NZ","diamond",52,0.0272679601468275
2018,"Massey University","MU","NZ","gold",278,0.145778710015732
2018,"Massey University","MU","NZ","green",203,0.106449921342423
2018,"Massey University","MU","NZ","hybrid",83,0.0435238594651285
2018,"Monash University","MAU","AU","bronze",1418,0.141941941941942
2018,"Monash University","MAU","AU","closed",5160,0.516516516516517
2018,"Monash University","MAU","AU","diamond",152,0.0152152152152152
2018,"Monash University","MAU","AU","gold",1371,0.137237237237237
2018,"Monash University","MAU","AU","green",1445,0.144644644644645
2018,"Monash University","MAU","AU","hybrid",444,0.0444444444444444
2018,"The University of Adelaide","UA","AU","bronze",636,0.133305386711381
2018,"The University of Adelaide","UA","AU","closed",2565,0.537623139802976
2018,"The University of Adelaide","UA","AU","diamond",111,0.0232655627750996
2018,"The University of Adelaide","UA","AU","gold",709,0.14860616223014
2018,"The University of Adelaide","UA","AU","green",539,0.112974219241249
2018,"The University of Adelaide","UA","AU","hybrid",211,0.0442255292391532
2018,"The University of Melbourne","UM","AU","bronze",1571,0.137205240174672
2018,"The University of Melbourne","UM","AU","closed",5306,0.463406113537118
2018,"The University of Melbourne","UM","AU","diamond",214,0.0186899563318777
2018,"The University of Melbourne","UM","AU","gold",1842,0.160873362445415
2018,"The University of Melbourne","UM","AU","green",1842,0.160873362445415
2018,"The University of Melbourne","UM","AU","hybrid",675,0.0589519650655022
2018,"The University of Queensland","UQ","AU","bronze",1204,0.124521667183783
2018,"The University of Queensland","UQ","AU","closed",5165,0.534181404488572
2018,"The University of Queensland","UQ","AU","diamond",172,0.0177888095976833
2018,"The University of Queensland","UQ","AU","gold",1545,0.159789016444307
2018,"The University of Queensland","UQ","AU","green",1148,0.118729961733375
2018,"The University of Queensland","UQ","AU","hybrid",435,0.0449891405522805
2018,"The University of Sydney","US","AU","bronze",1677,0.149732142857143
2018,"The University of Sydney","US","AU","closed",5848,0.522142857142857
2018,"The University of Sydney","US","AU","diamond",170,0.0151785714285714
2018,"The University of Sydney","US","AU","gold",1664,0.148571428571429
2018,"The University of Sydney","US","AU","green",1337,0.119375
2018,"The University of Sydney","US","AU","hybrid",504,0.045
2018,"The University of Western Australia","UWA","AU","bronze",784,0.142493638676845
2018,"The University of Western Australia","UWA","AU","closed",2645,0.480734278444202
2018,"The University of Western Australia","UWA","AU","diamond",88,0.0159941839331152
2018,"The University of Western Australia","UWA","AU","gold",854,0.155216284987277
2018,"The University of Western Australia","UWA","AU","green",876,0.159214830970556
2018,"The University of Western Australia","UWA","AU","hybrid",255,0.0463467829880044
2018,"UNSW Sydney","UNSWS","AU","bronze",1148,0.117659116531721
2018,"UNSW Sydney","UNSWS","AU","closed",5177,0.53059342010864
2018,"UNSW Sydney","UNSWS","AU","diamond",164,0.0168084452188173
2018,"UNSW Sydney","UNSWS","AU","gold",1360,0.139387106692631
2018,"UNSW Sydney","UNSWS","AU","green",1505,0.154248232038536
2018,"UNSW Sydney","UNSWS","AU","hybrid",403,0.0413036794096546
2018,"University of Auckland","UOA","NZ","bronze",565,0.114349321999595
2018,"University of Auckland","UOA","NZ","closed",2784,0.563448694596236
2018,"University of Auckland","UOA","NZ","diamond",97,0.0196316535114349
2018,"University of Auckland","UOA","NZ","gold",673,0.136207245496863
2018,"University of Auckland","UOA","NZ","green",615,0.124468731026108
2018,"University of Auckland","UOA","NZ","hybrid",207,0.0418943533697632
2018,"University of Canterbury","UC","NZ","bronze",154,0.0958307405102676
2018,"University of Canterbury","UC","NZ","closed",926,0.576228998133167
2018,"University of Canterbury","UC","NZ","diamond",39,0.0242688238954574
2018,"University of Canterbury","UC","NZ","gold",209,0.13005600497822
2018,"University of Canterbury","UC","NZ","green",220,0.136901057871811
2018,"University of Canterbury","UC","NZ","hybrid",59,0.0367143746110765
2018,"University of Otago","UO","NZ","bronze",427,0.132980379943943
2018,"University of Otago","UO","NZ","closed",1732,0.53939582684522
2018,"University of Otago","UO","NZ","diamond",67,0.0208657739022112
2018,"University of Otago","UO","NZ","gold",548,0.170663344752414
2018,"University of Otago","UO","NZ","green",315,0.0981002802865151
2018,"University of Otago","UO","NZ","hybrid",122,0.0379943942696979
2018,"University of Waikato","UOW","NZ","bronze",78,0.0678851174934726
2018,"University of Waikato","UOW","NZ","closed",654,0.569190600522193
2018,"University of Waikato","UOW","NZ","diamond",30,0.0261096605744125
2018,"University of Waikato","UOW","NZ","gold",106,0.0922541340295909
2018,"University of Waikato","UOW","NZ","green",232,0.201914708442124
2018,"University of Waikato","UOW","NZ","hybrid",49,0.0426457789382071
2018,"Victoria University of Wellington","VUW","NZ","bronze",173,0.0824594852240229
2018,"Victoria University of Wellington","VUW","NZ","closed",1247,0.594375595805529
2018,"Victoria University of Wellington","VUW","NZ","diamond",58,0.0276453765490944
2018,"Victoria University of Wellington","VUW","NZ","gold",188,0.0896091515729266
2018,"Victoria University of Wellington","VUW","NZ","green",353,0.168255481410867
2018,"Victoria University of Wellington","VUW","NZ","hybrid",79,0.0376549094375596
2019,"Auckland University of Technology","AUT","NZ","bronze",87,0.0611384399156711
2019,"Auckland University of Technology","AUT","NZ","closed",819,0.575544624033732
2019,"Auckland University of Technology","AUT","NZ","diamond",51,0.0358397751229796
2019,"Auckland University of Technology","AUT","NZ","gold",233,0.163738580463809
2019,"Auckland University of Technology","AUT","NZ","green",167,0.117357695010541
2019,"Auckland University of Technology","AUT","NZ","hybrid",66,0.0463808854532677
2019,"Australian National University","ANU","AU","bronze",810,0.141682700717159
2019,"Australian National University","ANU","AU","closed",2645,0.462655238761588
2019,"Australian National University","ANU","AU","diamond",115,0.0201154451635473
2019,"Australian National University","ANU","AU","gold",684,0.11964316949449
2019,"Australian National University","ANU","AU","green",1127,0.197131362602764
2019,"Australian National University","ANU","AU","hybrid",336,0.0587720832604513
2019,"Lincoln University","LU","NZ","bronze",35,0.0721649484536082
2019,"Lincoln University","LU","NZ","closed",290,0.597938144329897
2019,"Lincoln University","LU","NZ","diamond",7,0.0144329896907217
2019,"Lincoln University","LU","NZ","gold",104,0.214432989690722
2019,"Lincoln University","LU","NZ","green",24,0.0494845360824742
2019,"Lincoln University","LU","NZ","hybrid",25,0.0515463917525773
2019,"Massey University","MU","NZ","bronze",160,0.0801201802704056
2019,"Massey University","MU","NZ","closed",1095,0.548322483725588
2019,"Massey University","MU","NZ","diamond",51,0.0255383074611918
2019,"Massey University","MU","NZ","gold",364,0.182273410115173
2019,"Massey University","MU","NZ","green",194,0.0971457185778668
2019,"Massey University","MU","NZ","hybrid",133,0.0665998998497747
2019,"Monash University","MAU","AU","bronze",1405,0.131443540087941
2019,"Monash University","MAU","AU","closed",5351,0.500608101786884
2019,"Monash University","MAU","AU","diamond",178,0.0166526335485078
2019,"Monash University","MAU","AU","gold",1767,0.165310131911311
2019,"Monash University","MAU","AU","green",1488,0.139208532135841
2019,"Monash University","MAU","AU","hybrid",500,0.0467770605295163
2019,"The University of Adelaide","UA","AU","bronze",556,0.108614963860129
2019,"The University of Adelaide","UA","AU","closed",2747,0.53662824770463
2019,"The University of Adelaide","UA","AU","diamond",110,0.0214885719867162
2019,"The University of Adelaide","UA","AU","gold",808,0.157843328775151
2019,"The University of Adelaide","UA","AU","green",630,0.123070912287556
2019,"The University of Adelaide","UA","AU","hybrid",268,0.0523539753858175
2019,"The University of Melbourne","UM","AU","bronze",1644,0.131184168528567
2019,"The University of Melbourne","UM","AU","closed",5629,0.449170124481328
2019,"The University of Melbourne","UM","AU","diamond",221,0.0176348547717842
2019,"The University of Melbourne","UM","AU","gold",2250,0.179540376635812
2019,"The University of Melbourne","UM","AU","green",2042,0.162942866262368
2019,"The University of Melbourne","UM","AU","hybrid",746,0.0595276093201404
2019,"The University of Queensland","UQ","AU","bronze",1073,0.106925759840558
2019,"The University of Queensland","UQ","AU","closed",5397,0.537817638266069
2019,"The University of Queensland","UQ","AU","diamond",175,0.0174389636273044
2019,"The University of Queensland","UQ","AU","gold",1724,0.171798704534131
2019,"The University of Queensland","UQ","AU","green",1190,0.11858495266567
2019,"The University of Queensland","UQ","AU","hybrid",476,0.0474339810662681
2019,"The University of Sydney","US","AU","bronze",1565,0.12561200738422
2019,"The University of Sydney","US","AU","closed",6556,0.526205955534152
2019,"The University of Sydney","US","AU","diamond",186,0.0149289670117987
2019,"The University of Sydney","US","AU","gold",2077,0.166706798298419
2019,"The University of Sydney","US","AU","green",1499,0.120314631992937
2019,"The University of Sydney","US","AU","hybrid",576,0.0462316397784734
2019,"The University of Western Australia","UWA","AU","bronze",754,0.132373595505618
2019,"The University of Western Australia","UWA","AU","closed",2768,0.485955056179775
2019,"The University of Western Australia","UWA","AU","diamond",79,0.0138693820224719
2019,"The University of Western Australia","UWA","AU","gold",943,0.165554775280899
2019,"The University of Western Australia","UWA","AU","green",867,0.152212078651685
2019,"The University of Western Australia","UWA","AU","hybrid",285,0.0500351123595506
2019,"UNSW Sydney","UNSWS","AU","bronze",1156,0.110474006116208
2019,"UNSW Sydney","UNSWS","AU","closed",5390,0.515099388379205
2019,"UNSW Sydney","UNSWS","AU","diamond",183,0.0174885321100917
2019,"UNSW Sydney","UNSWS","AU","gold",1648,0.157492354740061
2019,"UNSW Sydney","UNSWS","AU","green",1635,0.15625
2019,"UNSW Sydney","UNSWS","AU","hybrid",452,0.0431957186544343
2019,"University of Auckland","UOA","NZ","bronze",497,0.0915791413303851
2019,"University of Auckland","UOA","NZ","closed",3080,0.567532706836189
2019,"University of Auckland","UOA","NZ","diamond",124,0.0228487193661323
2019,"University of Auckland","UOA","NZ","gold",839,0.154597383453105
2019,"University of Auckland","UOA","NZ","green",605,0.111479638842823
2019,"University of Auckland","UOA","NZ","hybrid",282,0.0519624101713654
2019,"University of Canterbury","UC","NZ","bronze",125,0.0774473358116481
2019,"University of Canterbury","UC","NZ","closed",889,0.550805452292441
2019,"University of Canterbury","UC","NZ","diamond",38,0.023543990086741
2019,"University of Canterbury","UC","NZ","gold",241,0.149318463444857
2019,"University of Canterbury","UC","NZ","green",234,0.144981412639405
2019,"University of Canterbury","UC","NZ","hybrid",87,0.0539033457249071
2019,"University of Otago","UO","NZ","bronze",363,0.107206142941524
2019,"University of Otago","UO","NZ","closed",1795,0.530124040165387
2019,"University of Otago","UO","NZ","diamond",77,0.022740696987596
2019,"University of Otago","UO","NZ","gold",629,0.185764914353219
2019,"University of Otago","UO","NZ","green",313,0.0924394565859421
2019,"University of Otago","UO","NZ","hybrid",209,0.061724748966332
2019,"University of Waikato","UOW","NZ","bronze",74,0.0620805369127517
2019,"University of Waikato","UOW","NZ","closed",680,0.570469798657718
2019,"University of Waikato","UOW","NZ","diamond",37,0.0310402684563758
2019,"University of Waikato","UOW","NZ","gold",140,0.11744966442953
2019,"University of Waikato","UOW","NZ","green",214,0.179530201342282
2019,"University of Waikato","UOW","NZ","hybrid",47,0.0394295302013423
2019,"Victoria University of Wellington","VUW","NZ","bronze",200,0.0933271115258983
2019,"Victoria University of Wellington","VUW","NZ","closed",1186,0.553429771348577
2019,"Victoria University of Wellington","VUW","NZ","diamond",59,0.02753149790014
2019,"Victoria University of Wellington","VUW","NZ","gold",236,0.11012599160056
2019,"Victoria University of Wellington","VUW","NZ","green",395,0.184321045263649
2019,"Victoria University of Wellington","VUW","NZ","hybrid",67,0.0312645823611759
2020,"Auckland University of Technology","AUT","NZ","bronze",75,0.0506414584740041
2020,"Auckland University of Technology","AUT","NZ","closed",825,0.557056043214045
2020,"Auckland University of Technology","AUT","NZ","diamond",46,0.0310600945307225
2020,"Auckland University of Technology","AUT","NZ","gold",283,0.191087103308575
2020,"Auckland University of Technology","AUT","NZ","green",171,0.115462525320729
2020,"Auckland University of Technology","AUT","NZ","hybrid",81,0.0546927751519244
2020,"Australian National University","ANU","AU","bronze",733,0.121720358684822
2020,"Australian National University","ANU","AU","closed",2723,0.452175357024244
2020,"Australian National University","ANU","AU","diamond",134,0.0222517436067752
2020,"Australian National University","ANU","AU","gold",853,0.141647293258054
2020,"Australian National University","ANU","AU","green",1173,0.194785785453338
2020,"Australian National University","ANU","AU","hybrid",406,0.0674194619727665
2020,"Lincoln University","LU","NZ","bronze",31,0.0651260504201681
2020,"Lincoln University","LU","NZ","closed",259,0.544117647058823
2020,"Lincoln University","LU","NZ","diamond",4,0.00840336134453781
2020,"Lincoln University","LU","NZ","gold",118,0.247899159663866
2020,"Lincoln University","LU","NZ","green",30,0.0630252100840336
2020,"Lincoln University","LU","NZ","hybrid",34,0.0714285714285714
2020,"Massey University","MU","NZ","bronze",145,0.0656108597285068
2020,"Massey University","MU","NZ","closed",1205,0.54524886877828
2020,"Massey University","MU","NZ","diamond",54,0.0244343891402715
2020,"Massey University","MU","NZ","gold",459,0.207692307692308
2020,"Massey University","MU","NZ","green",225,0.101809954751131
2020,"Massey University","MU","NZ","hybrid",122,0.0552036199095023
2020,"Monash University","MAU","AU","bronze",1482,0.125859872611465
2020,"Monash University","MAU","AU","closed",5478,0.465222929936306
2020,"Monash University","MAU","AU","diamond",218,0.0185138004246285
2020,"Monash University","MAU","AU","gold",2001,0.169936305732484
2020,"Monash University","MAU","AU","green",1771,0.150403397027601
2020,"Monash University","MAU","AU","hybrid",825,0.0700636942675159
2020,"The University of Adelaide","UA","AU","bronze",542,0.10005538120731
2020,"The University of Adelaide","UA","AU","closed",2789,0.514860623961602
2020,"The University of Adelaide","UA","AU","diamond",119,0.02196787889976
2020,"The University of Adelaide","UA","AU","gold",952,0.17574303119808
2020,"The University of Adelaide","UA","AU","green",662,0.122207864131438
2020,"The University of Adelaide","UA","AU","hybrid",353,0.0651652206018091
2020,"The University of Melbourne","UM","AU","bronze",1443,0.110203146479304
2020,"The University of Melbourne","UM","AU","closed",5469,0.417672216282267
2020,"The University of Melbourne","UM","AU","diamond",292,0.0223002902092561
2020,"The University of Melbourne","UM","AU","gold",2655,0.202764625019093
2020,"The University of Melbourne","UM","AU","green",2243,0.171299831984115
2020,"The University of Melbourne","UM","AU","hybrid",992,0.0757598900259661
2020,"The University of Queensland","UQ","AU","bronze",1090,0.0998625744388456
2020,"The University of Queensland","UQ","AU","closed",5338,0.489051763628035
2020,"The University of Queensland","UQ","AU","diamond",238,0.0218048557031608
2020,"The University of Queensland","UQ","AU","gold",2039,0.18680714612918
2020,"The University of Queensland","UQ","AU","green",1401,0.128355474118186
2020,"The University of Queensland","UQ","AU","hybrid",809,0.0741181859825928
2020,"The University of Sydney","US","AU","bronze",1591,0.124442706296441
2020,"The University of Sydney","US","AU","closed",6239,0.487993742667188
2020,"The University of Sydney","US","AU","diamond",230,0.0179898318341807
2020,"The University of Sydney","US","AU","gold",2297,0.179663668361361
2020,"The University of Sydney","US","AU","green",1628,0.12733672272194
2020,"The University of Sydney","US","AU","hybrid",800,0.0625733281188893
2020,"The University of Western Australia","UWA","AU","bronze",734,0.12681409813407
2020,"The University of Western Australia","UWA","AU","closed",2564,0.442985487214927
2020,"The University of Western Australia","UWA","AU","diamond",104,0.017968210089841
2020,"The University of Western Australia","UWA","AU","gold",1100,0.190048375950242
2020,"The University of Western Australia","UWA","AU","green",917,0.158431237042156
2020,"The University of Western Australia","UWA","AU","hybrid",369,0.063752591568763
2020,"UNSW Sydney","UNSWS","AU","bronze",1154,0.103035714285714
2020,"UNSW Sydney","UNSWS","AU","closed",5223,0.466339285714286
2020,"UNSW Sydney","UNSWS","AU","diamond",251,0.0224107142857143
2020,"UNSW Sydney","UNSWS","AU","gold",2025,0.180803571428571
2020,"UNSW Sydney","UNSWS","AU","green",1900,0.169642857142857
2020,"UNSW Sydney","UNSWS","AU","hybrid",647,0.0577678571428571
2020,"University of Auckland","UOA","NZ","bronze",501,0.0865883166263394
2020,"University of Auckland","UOA","NZ","closed",3136,0.541997926028344
2020,"University of Auckland","UOA","NZ","diamond",129,0.0222951952989976
2020,"University of Auckland","UOA","NZ","gold",1007,0.174040788109229
2020,"University of Auckland","UOA","NZ","green",650,0.112340131351538
2020,"University of Auckland","UOA","NZ","hybrid",363,0.0627376425855513
2020,"University of Canterbury","UC","NZ","bronze",152,0.0903149138443256
2020,"University of Canterbury","UC","NZ","closed",849,0.50445632798574
2020,"University of Canterbury","UC","NZ","diamond",43,0.0255496137849079
2020,"University of Canterbury","UC","NZ","gold",284,0.168746286393345
2020,"University of Canterbury","UC","NZ","green",242,0.143790849673203
2020,"University of Canterbury","UC","NZ","hybrid",113,0.0671420083184789
2020,"University of Otago","UO","NZ","bronze",348,0.0946423714985042
2020,"University of Otago","UO","NZ","closed",1846,0.502039706282295
2020,"University of Otago","UO","NZ","diamond",92,0.025020397062823
2020,"University of Otago","UO","NZ","gold",769,0.209137884144683
2020,"University of Otago","UO","NZ","green",358,0.097361979874898
2020,"University of Otago","UO","NZ","hybrid",264,0.0717976611367963
2020,"University of Waikato","UOW","NZ","bronze",70,0.0571428571428571
2020,"University of Waikato","UOW","NZ","closed",628,0.51265306122449
2020,"University of Waikato","UOW","NZ","diamond",44,0.0359183673469388
2020,"University of Waikato","UOW","NZ","gold",179,0.146122448979592
2020,"University of Waikato","UOW","NZ","green",196,0.16
2020,"University of Waikato","UOW","NZ","hybrid",108,0.0881632653061225
2020,"Victoria University of Wellington","VUW","NZ","bronze",133,0.059375
2020,"Victoria University of Wellington","VUW","NZ","closed",1178,0.525892857142857
2020,"Victoria University of Wellington","VUW","NZ","diamond",57,0.0254464285714286
2020,"Victoria University of Wellington","VUW","NZ","gold",295,0.131696428571429
2020,"Victoria University of Wellington","VUW","NZ","green",466,0.208035714285714
2020,"Victoria University of Wellington","VUW","NZ","hybrid",111,0.0495535714285714
2021,"Auckland University of Technology","AUT","NZ","bronze",101,0.063802905874921
2021,"Auckland University of Technology","AUT","NZ","closed",825,0.521162349968414
2021,"Auckland University of Technology","AUT","NZ","diamond",50,0.0315855969677827
2021,"Auckland University of Technology","AUT","NZ","gold",320,0.202147820593809
2021,"Auckland University of Technology","AUT","NZ","green",177,0.111813013265951
2021,"Auckland University of Technology","AUT","NZ","hybrid",110,0.0694883133291219
2021,"Australian National University","ANU","AU","bronze",724,0.117399059510297
2021,"Australian National University","ANU","AU","closed",2645,0.428895735365656
2021,"Australian National University","ANU","AU","diamond",147,0.0238365493757094
2021,"Australian National University","ANU","AU","gold",921,0.14934327874169
2021,"Australian National University","ANU","AU","green",1213,0.196692070698881
2021,"Australian National University","ANU","AU","hybrid",517,0.0838333063077671
2021,"Lincoln University","LU","NZ","bronze",26,0.0489642184557439
2021,"Lincoln University","LU","NZ","closed",286,0.538606403013183
2021,"Lincoln University","LU","NZ","diamond",10,0.0188323917137476
2021,"Lincoln University","LU","NZ","gold",142,0.267419962335217
2021,"Lincoln University","LU","NZ","green",35,0.0659133709981168
2021,"Lincoln University","LU","NZ","hybrid",32,0.0602636534839925
2021,"Massey University","MU","NZ","bronze",128,0.0546308151941955
2021,"Massey University","MU","NZ","closed",1159,0.494664959453692
2021,"Massey University","MU","NZ","diamond",74,0.0315834400341443
2021,"Massey University","MU","NZ","gold",599,0.255655142979087
2021,"Massey University","MU","NZ","green",229,0.0977379428083653
2021,"Massey University","MU","NZ","hybrid",154,0.0657276995305164
2021,"Monash University","MAU","AU","bronze",1365,0.111029770619815
2021,"Monash University","MAU","AU","closed",5442,0.44265495363592
2021,"Monash University","MAU","AU","diamond",237,0.0192776964372865
2021,"Monash University","MAU","AU","gold",2520,0.20497803806735
2021,"Monash University","MAU","AU","green",1870,0.152106718724581
2021,"Monash University","MAU","AU","hybrid",860,0.069952822515048
2021,"The University of Adelaide","UA","AU","bronze",440,0.0836979265740917
2021,"The University of Adelaide","UA","AU","closed",2582,0.491154650941602
2021,"The University of Adelaide","UA","AU","diamond",116,0.0220658170058969
2021,"The University of Adelaide","UA","AU","gold",1080,0.205440365227316
2021,"The University of Adelaide","UA","AU","green",645,0.122693551455203
2021,"The University of Adelaide","UA","AU","hybrid",394,0.0749476887958912
2021,"The University of Melbourne","UM","AU","bronze",1388,0.102186556725318
2021,"The University of Melbourne","UM","AU","closed",5405,0.397923875432526
2021,"The University of Melbourne","UM","AU","diamond",300,0.0220864315688729
2021,"The University of Melbourne","UM","AU","gold",3150,0.231907531473165
2021,"The University of Melbourne","UM","AU","green",2182,0.160641978944269
2021,"The University of Melbourne","UM","AU","hybrid",1158,0.0852536258558492
2021,"The University of Queensland","UQ","AU","bronze",952,0.085197780562019
2021,"The University of Queensland","UQ","AU","closed",5321,0.476194737784142
2021,"The University of Queensland","UQ","AU","diamond",254,0.0227313406121353
2021,"The University of Queensland","UQ","AU","gold",2439,0.218274565956685
2021,"The University of Queensland","UQ","AU","green",1421,0.12717021657419
2021,"The University of Queensland","UQ","AU","hybrid",787,0.0704313585108287
2021,"The University of Sydney","US","AU","bronze",1362,0.10608302827323
2021,"The University of Sydney","US","AU","closed",5792,0.451125477062077
2021,"The University of Sydney","US","AU","diamond",308,0.0239894072747099
2021,"The University of Sydney","US","AU","gold",2741,0.213490147207726
2021,"The University of Sydney","US","AU","green",1688,0.131474413895163
2021,"The University of Sydney","US","AU","hybrid",948,0.073837526287094
2021,"The University of Western Australia","UWA","AU","bronze",581,0.0994011976047904
2021,"The University of Western Australia","UWA","AU","closed",2425,0.414884516680924
2021,"The University of Western Australia","UWA","AU","diamond",131,0.0224123182207015
2021,"The University of Western Australia","UWA","AU","gold",1283,0.219503849443969
2021,"The University of Western Australia","UWA","AU","green",925,0.158254918733961
2021,"The University of Western Australia","UWA","AU","hybrid",500,0.0855431993156544
2021,"UNSW Sydney","UNSWS","AU","bronze",1034,0.0884214126902685
2021,"UNSW Sydney","UNSWS","AU","closed",5348,0.457328544552762
2021,"UNSW Sydney","UNSWS","AU","diamond",264,0.0225756798358132
2021,"UNSW Sydney","UNSWS","AU","gold",2478,0.211903540277065
2021,"UNSW Sydney","UNSWS","AU","green",1770,0.151359671626475
2021,"UNSW Sydney","UNSWS","AU","hybrid",800,0.0684111510176159
2021,"University of Auckland","UOA","NZ","bronze",417,0.0710512864201738
2021,"University of Auckland","UOA","NZ","closed",3018,0.514227295961833
2021,"University of Auckland","UOA","NZ","diamond",134,0.0228318282501278
2021,"University of Auckland","UOA","NZ","gold",1179,0.200886011245527
2021,"University of Auckland","UOA","NZ","green",678,0.115522235474527
2021,"University of Auckland","UOA","NZ","hybrid",443,0.0754813426478105
2021,"University of Canterbury","UC","NZ","bronze",119,0.0675368898978434
2021,"University of Canterbury","UC","NZ","closed",851,0.482973893303065
2021,"University of Canterbury","UC","NZ","diamond",37,0.0209988649262202
2021,"University of Canterbury","UC","NZ","gold",344,0.195232690124858
2021,"University of Canterbury","UC","NZ","green",234,0.132803632236095
2021,"University of Canterbury","UC","NZ","hybrid",177,0.100454029511918
2021,"University of Otago","UO","NZ","bronze",264,0.0724677463628877
2021,"University of Otago","UO","NZ","closed",1777,0.487784792753225
2021,"University of Otago","UO","NZ","diamond",88,0.0241559154542959
2021,"University of Otago","UO","NZ","gold",868,0.238265166071919
2021,"University of Otago","UO","NZ","green",380,0.104309634916278
2021,"University of Otago","UO","NZ","hybrid",266,0.0730167444413945
2021,"University of Waikato","UOW","NZ","bronze",62,0.0483242400623539
2021,"University of Waikato","UOW","NZ","closed",670,0.522213561964146
2021,"University of Waikato","UOW","NZ","diamond",55,0.0428682774746687
2021,"University of Waikato","UOW","NZ","gold",210,0.163678877630553
2021,"University of Waikato","UOW","NZ","green",187,0.145752143413874
2021,"University of Waikato","UOW","NZ","hybrid",99,0.0771628994544037
2021,"Victoria University of Wellington","VUW","NZ","bronze",128,0.0568383658969805
2021,"Victoria University of Wellington","VUW","NZ","closed",1152,0.511545293072824
2021,"Victoria University of Wellington","VUW","NZ","diamond",68,0.0301953818827709
2021,"Victoria University of Wellington","VUW","NZ","gold",341,0.151420959147425
2021,"Victoria University of Wellington","VUW","NZ","green",408,0.181172291296625
2021,"Victoria University of Wellington","VUW","NZ","hybrid",155,0.0688277087033748
2022,"Auckland University of Technology","AUT","NZ","bronze",64,0.0437756497948016
2022,"Auckland University of Technology","AUT","NZ","closed",600,0.410396716826265
2022,"Auckland University of Technology","AUT","NZ","diamond",58,0.039671682626539
2022,"Auckland University of Technology","AUT","NZ","gold",360,0.246238030095759
2022,"Auckland University of Technology","AUT","NZ","green",128,0.0875512995896033
2022,"Auckland University of Technology","AUT","NZ","hybrid",252,0.172366621067031
2022,"Australian National University","ANU","AU","bronze",468,0.0879038317054846
2022,"Australian National University","ANU","AU","closed",2050,0.385048835462059
2022,"Australian National University","ANU","AU","diamond",161,0.0302404207362885
2022,"Australian National University","ANU","AU","gold",1037,0.194778362133734
2022,"Australian National University","ANU","AU","green",803,0.150826446280992
2022,"Australian National University","ANU","AU","hybrid",805,0.151202103681443
2022,"Lincoln University","LU","NZ","bronze",13,0.0282608695652174
2022,"Lincoln University","LU","NZ","closed",202,0.439130434782609
2022,"Lincoln University","LU","NZ","diamond",12,0.0260869565217391
2022,"Lincoln University","LU","NZ","gold",158,0.343478260869565
2022,"Lincoln University","LU","NZ","green",18,0.0391304347826087
2022,"Lincoln University","LU","NZ","hybrid",57,0.123913043478261
2022,"Massey University","MU","NZ","bronze",90,0.0415896487985213
2022,"Massey University","MU","NZ","closed",925,0.427449168207024
2022,"Massey University","MU","NZ","diamond",75,0.0346580406654344
2022,"Massey University","MU","NZ","gold",589,0.272181146025878
2022,"Massey University","MU","NZ","green",192,0.088724584103512
2022,"Massey University","MU","NZ","hybrid",293,0.13539741219963
2022,"Monash University","MAU","AU","bronze",919,0.0805151568249518
2022,"Monash University","MAU","AU","closed",4565,0.399947432977046
2022,"Monash University","MAU","AU","diamond",302,0.0264587348869809
2022,"Monash University","MAU","AU","gold",2577,0.225775363588575
2022,"Monash University","MAU","AU","green",1343,0.117662519712634
2022,"Monash University","MAU","AU","hybrid",1708,0.149640792009813
2022,"The University of Adelaide","UA","AU","bronze",340,0.071488645920942
2022,"The University of Adelaide","UA","AU","closed",1990,0.418418839360807
2022,"The University of Adelaide","UA","AU","diamond",108,0.0227081581160639
2022,"The University of Adelaide","UA","AU","gold",1033,0.217199327165685
2022,"The University of Adelaide","UA","AU","green",544,0.114381833473507
2022,"The University of Adelaide","UA","AU","hybrid",741,0.155803195962994
2022,"The University of Melbourne","UM","AU","bronze",928,0.0741569442224708
2022,"The University of Melbourne","UM","AU","closed",4681,0.374061051622183
2022,"The University of Melbourne","UM","AU","diamond",366,0.0292472430877417
2022,"The University of Melbourne","UM","AU","gold",3178,0.253955569761867
2022,"The University of Melbourne","UM","AU","green",1346,0.107559533322679
2022,"The University of Melbourne","UM","AU","hybrid",2015,0.161019657983059
2022,"The University of Queensland","UQ","AU","bronze",733,0.0700965860189347
2022,"The University of Queensland","UQ","AU","closed",4155,0.397341493736253
2022,"The University of Queensland","UQ","AU","diamond",273,0.0261069140288802
2022,"The University of Queensland","UQ","AU","gold",2450,0.234292818207899
2022,"The University of Queensland","UQ","AU","green",1214,0.116094482165057
2022,"The University of Queensland","UQ","AU","hybrid",1632,0.156067705842976
2022,"The University of Sydney","US","AU","bronze",970,0.0818634483922694
2022,"The University of Sydney","US","AU","closed",4627,0.390497088361887
2022,"The University of Sydney","US","AU","diamond",294,0.0248122204405435
2022,"The University of Sydney","US","AU","gold",2787,0.235209722339438
2022,"The University of Sydney","US","AU","green",1355,0.114355641826314
2022,"The University of Sydney","US","AU","hybrid",1816,0.153261878639548
2022,"The University of Western Australia","UWA","AU","bronze",450,0.0804721030042918
2022,"The University of Western Australia","UWA","AU","closed",2084,0.372675250357654
2022,"The University of Western Australia","UWA","AU","diamond",121,0.0216380543633763
2022,"The University of Western Australia","UWA","AU","gold",1329,0.237660944206009
2022,"The University of Western Australia","UWA","AU","green",728,0.130185979971388
2022,"The University of Western Australia","UWA","AU","hybrid",880,0.157367668097282
2022,"UNSW Sydney","UNSWS","AU","bronze",686,0.0628090093389489
2022,"UNSW Sydney","UNSWS","AU","closed",4608,0.421900750778246
2022,"UNSW Sydney","UNSWS","AU","diamond",284,0.0260025636330342
2022,"UNSW Sydney","UNSWS","AU","gold",2497,0.228621131660868
2022,"UNSW Sydney","UNSWS","AU","green",1380,0.12635048525911
2022,"UNSW Sydney","UNSWS","AU","hybrid",1467,0.134316059329793
2022,"University of Auckland","UOA","NZ","bronze",318,0.0589981447124304
2022,"University of Auckland","UOA","NZ","closed",2336,0.433395176252319
2022,"University of Auckland","UOA","NZ","diamond",141,0.0261595547309833
2022,"University of Auckland","UOA","NZ","gold",1250,0.23191094619666
2022,"University of Auckland","UOA","NZ","green",523,0.0970315398886828
2022,"University of Auckland","UOA","NZ","hybrid",822,0.152504638218924
2022,"University of Canterbury","UC","NZ","bronze",67,0.0402402402402402
2022,"University of Canterbury","UC","NZ","closed",710,0.426426426426426
2022,"University of Canterbury","UC","NZ","diamond",51,0.0306306306306306
2022,"University of Canterbury","UC","NZ","gold",372,0.223423423423423
2022,"University of Canterbury","UC","NZ","green",183,0.10990990990991
2022,"University of Canterbury","UC","NZ","hybrid",282,0.169369369369369
2022,"University of Otago","UO","NZ","bronze",194,0.0596555965559656
2022,"University of Otago","UO","NZ","closed",1274,0.391758917589176
2022,"University of Otago","UO","NZ","diamond",82,0.0252152521525215
2022,"University of Otago","UO","NZ","gold",833,0.256150061500615
2022,"University of Otago","UO","NZ","green",321,0.0987084870848708
2022,"University of Otago","UO","NZ","hybrid",548,0.168511685116851
2022,"University of Waikato","UOW","NZ","bronze",34,0.0267927501970055
2022,"University of Waikato","UOW","NZ","closed",583,0.459416863672183
2022,"University of Waikato","UOW","NZ","diamond",67,0.0527974783293932
2022,"University of Waikato","UOW","NZ","gold",240,0.189125295508274
2022,"University of Waikato","UOW","NZ","green",151,0.118991331757289
2022,"University of Waikato","UOW","NZ","hybrid",194,0.152876280535855
2022,"Victoria University of Wellington","VUW","NZ","bronze",137,0.0628440366972477
2022,"Victoria University of Wellington","VUW","NZ","closed",1011,0.463761467889908
2022,"Victoria University of Wellington","VUW","NZ","diamond",73,0.0334862385321101
2022,"Victoria University of Wellington","VUW","NZ","gold",359,0.164678899082569
2022,"Victoria University of Wellington","VUW","NZ","green",284,0.130275229357798
2022,"Victoria University of Wellington","VUW","NZ","hybrid",316,0.144954128440367
2023,"Auckland University of Technology","AUT","NZ","bronze",56,0.042456406368461
2023,"Auckland University of Technology","AUT","NZ","closed",482,0.365428354814253
2023,"Auckland University of Technology","AUT","NZ","diamond",57,0.0432145564821835
2023,"Auckland University of Technology","AUT","NZ","gold",275,0.208491281273692
2023,"Auckland University of Technology","AUT","NZ","green",57,0.0432145564821835
2023,"Auckland University of Technology","AUT","NZ","hybrid",392,0.297194844579227
2023,"Australian National University","ANU","AU","bronze",416,0.0791325851245958
2023,"Australian National University","ANU","AU","closed",1721,0.327373026440936
2023,"Australian National University","ANU","AU","diamond",175,0.033288948069241
2023,"Australian National University","ANU","AU","gold",1008,0.191744340878828
2023,"Australian National University","ANU","AU","green",467,0.0888339357047746
2023,"Australian National University","ANU","AU","hybrid",1470,0.279627163781624
2023,"Lincoln University","LU","NZ","bronze",12,0.0259179265658747
2023,"Lincoln University","LU","NZ","closed",169,0.365010799136069
2023,"Lincoln University","LU","NZ","diamond",13,0.0280777537796976
2023,"Lincoln University","LU","NZ","gold",112,0.241900647948164
2023,"Lincoln University","LU","NZ","green",13,0.0280777537796976
2023,"Lincoln University","LU","NZ","hybrid",144,0.311015118790497
2023,"Massey University","MU","NZ","bronze",91,0.0481226864093072
2023,"Massey University","MU","NZ","closed",633,0.33474352194606
2023,"Massey University","MU","NZ","diamond",68,0.0359598096245373
2023,"Massey University","MU","NZ","gold",442,0.233738762559492
2023,"Massey University","MU","NZ","green",73,0.0386039132734003
2023,"Massey University","MU","NZ","hybrid",584,0.308831306187203
2023,"Monash University","MAU","AU","bronze",1007,0.0907697854696232
2023,"Monash University","MAU","AU","closed",3492,0.314764737696052
2023,"Monash University","MAU","AU","diamond",304,0.0274021993870561
2023,"Monash University","MAU","AU","gold",2444,0.220299260861727
2023,"Monash University","MAU","AU","green",706,0.0636380025238868
2023,"Monash University","MAU","AU","hybrid",3141,0.283126014061655
2023,"The University of Adelaide","UA","AU","bronze",396,0.0784935579781962
2023,"The University of Adelaide","UA","AU","closed",1765,0.349851337958375
2023,"The University of Adelaide","UA","AU","diamond",180,0.0356788899900892
2023,"The University of Adelaide","UA","AU","gold",1030,0.20416253716551
2023,"The University of Adelaide","UA","AU","green",278,0.0551040634291378
2023,"The University of Adelaide","UA","AU","hybrid",1396,0.276709613478692
2023,"The University of Melbourne","UM","AU","bronze",1040,0.0842105263157895
2023,"The University of Melbourne","UM","AU","closed",3778,0.305910931174089
2023,"The University of Melbourne","UM","AU","diamond",387,0.031336032388664
2023,"The University of Melbourne","UM","AU","gold",3012,0.243886639676113
2023,"The University of Melbourne","UM","AU","green",633,0.0512550607287449
2023,"The University of Melbourne","UM","AU","hybrid",3500,0.283400809716599
2023,"The University of Queensland","UQ","AU","bronze",689,0.0695819026459301
2023,"The University of Queensland","UQ","AU","closed",3194,0.322561098767926
2023,"The University of Queensland","UQ","AU","diamond",296,0.0298929509190063
2023,"The University of Queensland","UQ","AU","gold",2285,0.230761462330842
2023,"The University of Queensland","UQ","AU","green",527,0.0532215713997172
2023,"The University of Queensland","UQ","AU","hybrid",2911,0.293981013936578
2023,"The University of Sydney","US","AU","bronze",1030,0.0867806891903277
2023,"The University of Sydney","US","AU","closed",3977,0.335074563990227
2023,"The University of Sydney","US","AU","diamond",302,0.0254444350829893
2023,"The University of Sydney","US","AU","gold",2707,0.22807313168759
2023,"The University of Sydney","US","AU","green",776,0.0653804027298003
2023,"The University of Sydney","US","AU","hybrid",3077,0.259246777319066
2023,"The University of Western Australia","UWA","AU","bronze",403,0.0729279768367716
2023,"The University of Western Australia","UWA","AU","closed",1796,0.325009048136084
2023,"The University of Western Australia","UWA","AU","diamond",144,0.0260586319218241
2023,"The University of Western Australia","UWA","AU","gold",1330,0.240680419833514
2023,"The University of Western Australia","UWA","AU","green",351,0.0635179153094463
2023,"The University of Western Australia","UWA","AU","hybrid",1502,0.27180600796236
2023,"UNSW Sydney","UNSWS","AU","bronze",762,0.074559686888454
2023,"UNSW Sydney","UNSWS","AU","closed",3557,0.348043052837573
2023,"UNSW Sydney","UNSWS","AU","diamond",325,0.0318003913894325
2023,"UNSW Sydney","UNSWS","AU","gold",2251,0.220254403131115
2023,"UNSW Sydney","UNSWS","AU","green",760,0.0743639921722113
2023,"UNSW Sydney","UNSWS","AU","hybrid",2565,0.250978473581213
2023,"University of Auckland","UOA","NZ","bronze",345,0.0643536653609401
2023,"University of Auckland","UOA","NZ","closed",2005,0.373997388546913
2023,"University of Auckland","UOA","NZ","diamond",178,0.0332027606789778
2023,"University of Auckland","UOA","NZ","gold",1121,0.209102779332214
2023,"University of Auckland","UOA","NZ","green",256,0.0477522850214512
2023,"University of Auckland","UOA","NZ","hybrid",1456,0.271591121059504
2023,"University of Canterbury","UC","NZ","bronze",71,0.0387978142076503
2023,"University of Canterbury","UC","NZ","closed",625,0.341530054644809
2023,"University of Canterbury","UC","NZ","diamond",55,0.0300546448087432
2023,"University of Canterbury","UC","NZ","gold",404,0.220765027322404
2023,"University of Canterbury","UC","NZ","green",72,0.039344262295082
2023,"University of Canterbury","UC","NZ","hybrid",603,0.329508196721311
2023,"University of Otago","UO","NZ","bronze",168,0.054510058403634
2023,"University of Otago","UO","NZ","closed",972,0.315379623621025
2023,"University of Otago","UO","NZ","diamond",110,0.0356911096690461
2023,"University of Otago","UO","NZ","gold",758,0.245944192083063
2023,"University of Otago","UO","NZ","green",113,0.036664503569111
2023,"University of Otago","UO","NZ","hybrid",961,0.311810512654121
2023,"University of Waikato","UOW","NZ","bronze",39,0.0321516900247321
2023,"University of Waikato","UOW","NZ","closed",491,0.404781533388293
2023,"University of Waikato","UOW","NZ","diamond",49,0.0403957131079967
2023,"University of Waikato","UOW","NZ","gold",232,0.191261335531739
2023,"University of Waikato","UOW","NZ","green",55,0.0453421269579555
2023,"University of Waikato","UOW","NZ","hybrid",347,0.286067600989283
2023,"Victoria University of Wellington","VUW","NZ","bronze",110,0.0560652395514781
2023,"Victoria University of Wellington","VUW","NZ","closed",775,0.395005096839959
2023,"Victoria University of Wellington","VUW","NZ","diamond",80,0.0407747196738022
2023,"Victoria University of Wellington","VUW","NZ","gold",325,0.165647298674822
2023,"Victoria University of Wellington","VUW","NZ","green",156,0.0795107033639144
2023,"Victoria University of Wellington","VUW","NZ","hybrid",516,0.262996941896024
2024,"Auckland University of Technology","AUT","NZ","bronze",29,0.027592768791627
2024,"Auckland University of Technology","AUT","NZ","closed",374,0.355851569933397
2024,"Auckland University of Technology","AUT","NZ","diamond",43,0.0409134157944814
2024,"Auckland University of Technology","AUT","NZ","gold",298,0.283539486203616
2024,"Auckland University of Technology","AUT","NZ","green",18,0.0171265461465271
2024,"Auckland University of Technology","AUT","NZ","hybrid",289,0.274976213130352
2024,"Australian National University","ANU","AU","bronze",166,0.0387307512832478
2024,"Australian National University","ANU","AU","closed",1416,0.33037797480168
2024,"Australian National University","ANU","AU","diamond",137,0.0319645356976202
2024,"Australian National University","ANU","AU","gold",998,0.232851143257116
2024,"Australian National University","ANU","AU","green",215,0.0501633224451703
2024,"Australian National University","ANU","AU","hybrid",1354,0.315912272515166
2024,"Lincoln University","LU","NZ","bronze",13,0.032994923857868
2024,"Lincoln University","LU","NZ","closed",104,0.263959390862944
2024,"Lincoln University","LU","NZ","diamond",12,0.0304568527918782
2024,"Lincoln University","LU","NZ","gold",117,0.296954314720812
2024,"Lincoln University","LU","NZ","green",7,0.0177664974619289
2024,"Lincoln University","LU","NZ","hybrid",141,0.357868020304569
2024,"Massey University","MU","NZ","bronze",71,0.0489317711922812
2024,"Massey University","MU","NZ","closed",412,0.28394210889042
2024,"Massey University","MU","NZ","diamond",65,0.0447966919365955
2024,"Massey University","MU","NZ","gold",361,0.248793935217092
2024,"Massey University","MU","NZ","green",27,0.0186078566505858
2024,"Massey University","MU","NZ","hybrid",515,0.354927636113026
2024,"Monash University","MAU","AU","bronze",329,0.0340192327577293
2024,"Monash University","MAU","AU","closed",3351,0.346499844897115
2024,"Monash University","MAU","AU","diamond",252,0.0260572846654948
2024,"Monash University","MAU","AU","gold",2293,0.237100610071347
2024,"Monash University","MAU","AU","green",347,0.0358804673766932
2024,"Monash University","MAU","AU","hybrid",3099,0.32044256023162
2024,"The University of Adelaide","UA","AU","bronze",179,0.0414543770264011
2024,"The University of Adelaide","UA","AU","closed",1683,0.389763779527559
2024,"The University of Adelaide","UA","AU","diamond",128,0.0296433534043539
2024,"The University of Adelaide","UA","AU","gold",882,0.204261232051876
2024,"The University of Adelaide","UA","AU","green",154,0.0356646595646132
2024,"The University of Adelaide","UA","AU","hybrid",1292,0.299212598425197
2024,"The University of Melbourne","UM","AU","bronze",248,0.0227920227920228
2024,"The University of Melbourne","UM","AU","closed",3712,0.341145115338664
2024,"The University of Melbourne","UM","AU","diamond",358,0.0329013877400974
2024,"The University of Melbourne","UM","AU","gold",2812,0.258432129399871
2024,"The University of Melbourne","UM","AU","green",359,0.0329932910578072
2024,"The University of Melbourne","UM","AU","hybrid",3392,0.311736053671538
2024,"The University of Queensland","UQ","AU","bronze",259,0.029508943830466
2024,"The University of Queensland","UQ","AU","closed",2958,0.337017204056056
2024,"The University of Queensland","UQ","AU","diamond",264,0.0300786145607839
2024,"The University of Queensland","UQ","AU","gold",2175,0.247806767688276
2024,"The University of Queensland","UQ","AU","green",318,0.0362310584482169
2024,"The University of Queensland","UQ","AU","hybrid",2803,0.319357411416201
2024,"The University of Sydney","US","AU","bronze",305,0.0287545960214952
2024,"The University of Sydney","US","AU","closed",3798,0.358065428490619
2024,"The University of Sydney","US","AU","diamond",292,0.0275289902894315
2024,"The University of Sydney","US","AU","gold",2706,0.255114546997266
2024,"The University of Sydney","US","AU","green",370,0.0348826246818139
2024,"The University of Sydney","US","AU","hybrid",3136,0.295653813519374
2024,"The University of Western Australia","UWA","AU","bronze",107,0.0226598898771707
2024,"The University of Western Australia","UWA","AU","closed",1652,0.349851757729776
2024,"The University of Western Australia","UWA","AU","diamond",111,0.0235069885641677
2024,"The University of Western Australia","UWA","AU","gold",1295,0.27424819991529
2024,"The University of Western Australia","UWA","AU","green",152,0.0321897501058873
2024,"The University of Western Australia","UWA","AU","hybrid",1405,0.297543413807709
2024,"UNSW Sydney","UNSWS","AU","bronze",266,0.029259707402926
2024,"UNSW Sydney","UNSWS","AU","closed",3431,0.377406225937741
2024,"UNSW Sydney","UNSWS","AU","diamond",259,0.028489715102849
2024,"UNSW Sydney","UNSWS","AU","gold",2065,0.227147728522715
2024,"UNSW Sydney","UNSWS","AU","green",358,0.039379606203938
2024,"UNSW Sydney","UNSWS","AU","hybrid",2712,0.298317016829832
2024,"University of Auckland","UOA","NZ","bronze",137,0.0309814563545907
2024,"University of Auckland","UOA","NZ","closed",1672,0.378109452736318
2024,"University of Auckland","UOA","NZ","diamond",144,0.0325644504748982
2024,"University of Auckland","UOA","NZ","gold",976,0.22071460877431
2024,"University of Auckland","UOA","NZ","green",117,0.0264586160108548
2024,"University of Auckland","UOA","NZ","hybrid",1376,0.311171415649028
2024,"University of Canterbury","UC","NZ","bronze",48,0.0343347639484979
2024,"University of Canterbury","UC","NZ","closed",465,0.332618025751073
2024,"University of Canterbury","UC","NZ","diamond",56,0.0400572246065808
2024,"University of Canterbury","UC","NZ","gold",321,0.229613733905579
2024,"University of Canterbury","UC","NZ","green",46,0.0329041487839771
2024,"University of Canterbury","UC","NZ","hybrid",462,0.330472103004292
2024,"University of Otago","UO","NZ","bronze",114,0.0428732606242948
2024,"University of Otago","UO","NZ","closed",875,0.32907107935314
2024,"University of Otago","UO","NZ","diamond",102,0.0383602858217375
2024,"University of Otago","UO","NZ","gold",653,0.245581045505829
2024,"University of Otago","UO","NZ","green",69,0.0259496051147048
2024,"University of Otago","UO","NZ","hybrid",846,0.318164723580293
2024,"University of Waikato","UOW","NZ","bronze",20,0.022002200220022
2024,"University of Waikato","UOW","NZ","closed",311,0.342134213421342
2024,"University of Waikato","UOW","NZ","diamond",31,0.0341034103410341
2024,"University of Waikato","UOW","NZ","gold",163,0.179317931793179
2024,"University of Waikato","UOW","NZ","green",32,0.0352035203520352
2024,"University of Waikato","UOW","NZ","hybrid",352,0.387238723872387
2024,"Victoria University of Wellington","VUW","NZ","bronze",57,0.0358490566037736
2024,"Victoria University of Wellington","VUW","NZ","closed",647,0.406918238993711
2024,"Victoria University of Wellington","VUW","NZ","diamond",77,0.0484276729559748
2024,"Victoria University of Wellington","VUW","NZ","gold",262,0.164779874213836
2024,"Victoria University of Wellington","VUW","NZ","green",68,0.0427672955974843
2024,"Victoria University of Wellington","VUW","NZ","hybrid",479,0.30125786163522
